-- phpMyAdmin SQL Dump
-- version 5.2.1
-- https://www.phpmyadmin.net/
--
-- Host: localhost
-- Waktu pembuatan: 22 Nov 2023 pada 03.32
-- Versi server: 10.4.21-MariaDB
-- Versi PHP: 7.3.31

SET SQL_MODE = "NO_AUTO_VALUE_ON_ZERO";
START TRANSACTION;
SET time_zone = "+00:00";


/*!40101 SET @OLD_CHARACTER_SET_CLIENT=@@CHARACTER_SET_CLIENT */;
/*!40101 SET @OLD_CHARACTER_SET_RESULTS=@@CHARACTER_SET_RESULTS */;
/*!40101 SET @OLD_COLLATION_CONNECTION=@@COLLATION_CONNECTION */;
/*!40101 SET NAMES utf8mb4 */;

--
-- Database: `penjadwalan_skripsi`
--

-- --------------------------------------------------------

--
-- Struktur dari tabel `guru`
--

CREATE TABLE `guru` (
  `kode` int(2) NOT NULL,
  `nip` varchar(50) DEFAULT NULL,
  `nama` varchar(50) DEFAULT NULL,
  `alamat` varchar(50) DEFAULT NULL,
  `telp` varchar(50) DEFAULT NULL,
  `password` varchar(100) NOT NULL,
  `status_dosen` int(3) NOT NULL,
  `id_guru` varchar(10) DEFAULT NULL
) ENGINE=InnoDB DEFAULT CHARSET=latin1;

--
-- Dumping data untuk tabel `guru`
--

INSERT INTO `guru` (`kode`, `nip`, `nama`, `alamat`, `telp`, `password`, `status_dosen`, `id_guru`) VALUES
(87, '198804252020121006', 'La Ode Sabran, M.Si', 'laodesabran@uinib.ac.id', '-', '', 1, 'D20'),
(92, '198805092018011001', 'Ahmad Fauzi, M.T.I', 'ahmadfauzi@uinib.ac.id', '-', '', 1, 'D06'),
(95, '199101072019031015', 'Raju Wandira, M.Kom', 'rajuwandira@uinib.ac.id', '-', '', 1, 'D04'),
(97, '198708092020121007', 'Muhammad Teguh Brillian, M.T.I', 'muhammadteguhbrillian@uinib.ac.id', '-', '', 1, 'D10'),
(103, '199108282019031011', 'Afdhil Hafid, M.Eng', 'afdhilhafid@uinib.ac.id', '-', '', 1, 'D08'),
(107, '197609262008012009', 'Mega Orina Fitri, S.T., M.T.', 'megaorinafitri@uinib.ac.id', '-', '', 1, 'D05'),
(122, '199006162019032021', 'Darvi Mailisa Putri, M.SI', 'darvimailisa@uinib.ac.id', '-', '', 1, 'D17'),
(194, '197507102008011023', 'Elfi Tajuddin, S.Ag, M.Hum', '', '', '', 1, 'D27'),
(196, '196911192003121001', 'Nurus Shalihin, M.Si., Ph.D', 'nurusshalihin@uinib.ac.id', '-', '', 1, 'D01'),
(201, '199007182018011002', 'Aulia Arham, M.Eng', 'auliaarham@uinib.ac.id', '-', '', 1, 'D03'),
(203, '198504232023011001', 'Dr. Heri Surikno, MA', '', '-', '', 1, 'D31'),
(204, '201603230000002304', 'Rahmi Wiza, MA', '', '', '', 1, 'D28'),
(228, '198804142019032008', 'Lilis Harianti Hasibuan, S.Pd.I, M.Si', 'lilisharianti@uinib.ac.id', '-', '', 1, 'D15'),
(239, '199011012020122024', 'Novia Lestari, M.Kom', 'novialestari@uinib.ac.id', '-', '', 1, 'D11'),
(246, '197204271996032001', 'Ayu Rustriana Rusli, M.Ag', '', '-', '', 1, 'D26'),
(250, '197601062009012003', 'Dr. Yaslinda Lizar, M.Kom', 'yaslinda@uinib.ac.id', '-', '', 1, 'D12'),
(254, '199308281121 / 20221244', 'Muhammad Naufan Rizqullah, M.Si', 'm.naufan@uinib.ac.id', '-', '', 1, 'D13'),
(257, '198109282011011006', 'Dr. Subhan Ajrin Sudirman, M.A', 'subhansudirman@uinib.ac.id', '-', '', 1, 'D02'),
(258, '199001062019032012', 'Ezhari Asfa`ani, S.Si, M.Sc', 'ezhariasfaani@uinib.ac.id', '-', '', 1, 'D18'),
(259, '199309152020121012', 'Syarto Musthofa, M.Sc.', 'syartom@uinib.ac.id', '-', '', 1, 'D22'),
(266, '199207102017081003', 'Juli Afriadi, M.Pd', '', '', '', 1, 'D29'),
(273, '198906302019032012', 'Sandra Ayu, M.Si', '', '', '', 1, 'D30'),
(278, '199207182022021001', 'Muhammad Hanif, S.Th.I, M.Ag', '', '', '', 1, 'D35'),
(280, '198603102020121004', 'Mohamad Syafii, M.Si', 'mohammadsyafii@uinib.ac.id', '-', '', 1, 'D21'),
(289, '199207022020121009', 'Ilham Dangu Rianjaya, M.Si.', 'ilham.rianjaya@uinib.ac.id', '-', '', 1, 'D19'),
(293, '198909132019031006', 'Domi Sepri, M.Kom', 'domisepri@uinib.ac.id', '-', '', 1, 'D07'),
(295, '199501042020122029', 'Renggi Vrika, M.Pd', '', '', '', 1, 'D34'),
(306, '19921217', 'Elsa Desmaniati, S.Pd.I., M.Pd', '', '', '', 1, 'D33'),
(307, '199002180120220061', 'Ujang Wardi, S.Hi., M.Si', '', '', '', 1, 'D25'),
(308, '199310122019032015', 'Ozzy Secio Riza, M.Kom', 'ozzysecioriza@uinib.ac.id', '-', '', 1, 'D09'),
(310, '137109310881000823', 'Harry Chan Putra, SP, M.Kom', '', '', '', 1, 'D32'),
(311, '198912162019032014', 'Miftahul Jannah, M.SI', 'miftahuljannah@uinib.ac.id', '-', '', 1, 'D16'),
(313, '199001012016091003', 'Ibnu Hasnul, MA', '', '', '', 1, 'D24'),
(320, '12121981', 'Sylvia Yani, S. Fil I, MA', '', '', '', 1, 'D23');

-- --------------------------------------------------------

--
-- Struktur dari tabel `hari`
--

CREATE TABLE `hari` (
  `kode` int(10) NOT NULL,
  `nama` varchar(50) DEFAULT NULL,
  `id_hari` varchar(5) DEFAULT NULL
) ENGINE=InnoDB DEFAULT CHARSET=latin1;

--
-- Dumping data untuk tabel `hari`
--

INSERT INTO `hari` (`kode`, `nama`, `id_hari`) VALUES
(1, 'Senin', 'H01'),
(2, 'Selasa', 'H02'),
(3, 'Rabu', 'H03'),
(4, 'Kamis', 'H04'),
(5, 'Jumat', 'H05'),
(6, 'Sabtu', NULL);

-- --------------------------------------------------------

--
-- Struktur dari tabel `jadwalpelajaran`
--

CREATE TABLE `jadwalpelajaran` (
  `kode` int(10) NOT NULL,
  `kode_pengampu` int(10) DEFAULT NULL,
  `kode_jam` int(10) DEFAULT NULL,
  `kode_hari` int(10) DEFAULT NULL,
  `kode_ruang` int(10) DEFAULT NULL
) ENGINE=InnoDB DEFAULT CHARSET=latin1 COMMENT='hasil proses';

--
-- Dumping data untuk tabel `jadwalpelajaran`
--

INSERT INTO `jadwalpelajaran` (`kode`, `kode_pengampu`, `kode_jam`, `kode_hari`, `kode_ruang`) VALUES
(1, 1358, 23, 4, 10),
(2, 1359, 29, 4, 52),
(3, 1362, 6, 4, 10),
(4, 1363, 11, 6, 4),
(5, 1364, 29, 2, 10),
(6, 1365, 23, 3, 52),
(7, 1367, 11, 2, 8),
(8, 1368, 23, 2, 3),
(9, 1369, 32, 6, 51),
(10, 1370, 23, 1, 12),
(11, 1371, 23, 3, 49),
(12, 1372, 23, 5, 12),
(13, 1373, 23, 5, 13),
(14, 1374, 11, 2, 4),
(15, 1375, 23, 4, 12),
(16, 1376, 29, 4, 50),
(17, 1377, 6, 3, 1),
(18, 1378, 33, 4, 50),
(19, 1379, 33, 2, 8),
(20, 1380, 19, 5, 1),
(21, 1381, 24, 2, 49),
(22, 1382, 30, 2, 7),
(23, 1383, 30, 4, 15),
(24, 1384, 30, 2, 13),
(25, 1385, 30, 1, 10),
(26, 1386, 24, 4, 9),
(27, 1387, 33, 1, 2),
(28, 1388, 24, 1, 37),
(29, 1389, 24, 2, 37),
(30, 1390, 30, 2, 38),
(31, 1391, 3, 2, 38),
(32, 1392, 30, 1, 38),
(33, 1393, 3, 2, 50),
(34, 1394, 3, 1, 9),
(35, 1395, 24, 2, 11),
(36, 1396, 30, 2, 5),
(37, 1397, 24, 1, 2),
(38, 1398, 33, 6, 7),
(39, 1399, 24, 5, 52),
(40, 1400, 24, 5, 1),
(41, 1401, 3, 4, 10),
(42, 1402, 30, 3, 49),
(43, 1403, 11, 4, 50),
(44, 1404, 15, 5, 50),
(45, 1405, 6, 1, 1),
(46, 1406, 6, 2, 5),
(47, 1407, 32, 4, 6),
(48, 1408, 23, 3, 3),
(49, 1409, 23, 2, 5),
(50, 1410, 21, 5, 52),
(51, 1411, 15, 5, 11),
(52, 1412, 30, 1, 9),
(53, 1413, 33, 4, 13),
(54, 1414, 3, 2, 12),
(55, 1415, 3, 4, 1),
(56, 1416, 33, 2, 38),
(57, 1417, 30, 4, 38),
(58, 1418, 23, 5, 38),
(59, 1419, 32, 3, 38),
(60, 1420, 33, 6, 34),
(61, 1421, 30, 6, 34),
(62, 1422, 33, 4, 38),
(63, 1423, 24, 4, 38),
(64, 1424, 11, 1, 4),
(65, 1425, 6, 3, 4),
(66, 1426, 32, 3, 10),
(67, 1427, 6, 2, 14),
(68, 1428, 32, 1, 51),
(69, 1429, 30, 2, 50),
(70, 1430, 33, 2, 15),
(71, 1431, 24, 1, 4),
(72, 1432, 11, 6, 52),
(73, 1433, 23, 1, 10),
(74, 1434, 32, 1, 6),
(75, 1435, 29, 2, 3),
(76, 1436, 29, 4, 11),
(77, 1437, 11, 4, 11),
(78, 1438, 32, 3, 3),
(79, 1439, 29, 1, 13),
(80, 1440, 20, 1, 49),
(81, 1441, 2, 4, 15),
(82, 1442, 20, 4, 8),
(83, 1443, 2, 2, 13),
(84, 1444, 2, 1, 10),
(85, 1445, 25, 2, 9),
(86, 1446, 19, 5, 37),
(87, 1447, 24, 4, 37),
(88, 1448, 24, 5, 37),
(89, 1449, 30, 6, 37),
(90, 1450, 24, 6, 14),
(91, 1451, 19, 5, 8),
(92, 1452, 25, 4, 8),
(93, 1453, 20, 6, 11),
(94, 1454, 20, 4, 3),
(95, 1455, 20, 3, 52),
(96, 1456, 11, 3, 3),
(97, 1457, 11, 4, 51),
(98, 1458, 30, 2, 52),
(99, 1459, 24, 1, 50),
(100, 1460, 20, 4, 52),
(101, 1461, 3, 2, 14),
(102, 1462, 32, 1, 2),
(103, 1463, 23, 4, 6),
(104, 1464, 33, 1, 16),
(105, 1465, 23, 3, 12),
(106, 1466, 33, 4, 11),
(107, 1467, 23, 1, 15),
(108, 1468, 32, 1, 50),
(109, 1469, 30, 3, 37),
(110, 1470, 11, 2, 37),
(113, 1471, 23, 3, 11),
(114, 1472, 11, 6, 12);

-- --------------------------------------------------------

--
-- Struktur dari tabel `jam`
--

CREATE TABLE `jam` (
  `kode` int(10) NOT NULL,
  `range_jam` varchar(50) DEFAULT NULL
) ENGINE=InnoDB DEFAULT CHARSET=latin1;

--
-- Dumping data untuk tabel `jam`
--

INSERT INTO `jam` (`kode`, `range_jam`) VALUES
(1, '07.30-08.20'),
(2, '08.20-09.10'),
(3, '09.10-10.00'),
(4, '10.10-11.00'),
(5, '11.00-11.50'),
(6, '11.50-12.40'),
(7, '12.40-13.30'),
(8, '13.30-14.20'),
(9, '14.20-15.10'),
(10, '15:10-16:00'),
(11, '16.00-16.50'),
(12, '16.50-17.40');

-- --------------------------------------------------------

--
-- Struktur dari tabel `jam2`
--

CREATE TABLE `jam2` (
  `kode` int(10) NOT NULL,
  `range_jam` varchar(50) DEFAULT NULL,
  `sks` int(2) DEFAULT NULL,
  `sesi` int(2) DEFAULT NULL,
  `id_jam` varchar(5) DEFAULT NULL
) ENGINE=InnoDB DEFAULT CHARSET=latin1;

--
-- Dumping data untuk tabel `jam2`
--

INSERT INTO `jam2` (`kode`, `range_jam`, `sks`, `sesi`, `id_jam`) VALUES
(2, '09.20-12.40', 4, 2, 'T12'),
(3, '13.00-15.30', 3, 4, 'T13'),
(6, '09.20-11.00', 2, 2, 'T06'),
(11, '13.00-14.40', 2, 4, 'T03'),
(15, '14.40-16.20', 2, 5, 'T10'),
(19, '14.40-17.10', 3, 5, 'T19'),
(20, '13.00-16.20', 4, 4, 'T20'),
(21, '15.30-17.10', 2, 6, 'T21'),
(23, '07.40-09.20', 2, 1, NULL),
(24, '07.40-10.10', 3, 1, NULL),
(25, '07.40-11.00', 4, 1, NULL),
(29, '10.10-11.50', 2, 3, NULL),
(30, '10.10-12.40', 3, 3, NULL),
(32, '11.00-12.40', 2, 3, NULL),
(33, '09.20-11.50', 3, 2, NULL);

-- --------------------------------------------------------

--
-- Struktur dari tabel `jurusan`
--

CREATE TABLE `jurusan` (
  `kode` int(11) NOT NULL,
  `nama_jurusan` varchar(10) NOT NULL
) ENGINE=InnoDB DEFAULT CHARSET=latin1;

--
-- Dumping data untuk tabel `jurusan`
--

INSERT INTO `jurusan` (`kode`, `nama_jurusan`) VALUES
(1, 'FST'),
(2, 'FEBI'),
(3, 'FS'),
(4, 'FUSA'),
(5, 'FTIK'),
(6, 'FDIK'),
(7, 'FAH');

-- --------------------------------------------------------

--
-- Struktur dari tabel `kelas`
--

CREATE TABLE `kelas` (
  `kode` int(11) NOT NULL,
  `nama_kelas` varchar(10) NOT NULL,
  `kode_jurusan` int(3) NOT NULL,
  `id_kelas` varchar(5) DEFAULT NULL
) ENGINE=InnoDB DEFAULT CHARSET=latin1;

--
-- Dumping data untuk tabel `kelas`
--

INSERT INTO `kelas` (`kode`, `nama_kelas`, `kode_jurusan`, `id_kelas`) VALUES
(1, 'Kelas A', 1, 'K01'),
(2, 'Kelas B', 1, 'K02'),
(3, 'Kelas C', 1, 'K03'),
(4, 'Kelas D', 1, 'K04'),
(5, 'Kelas E', 0, NULL);

-- --------------------------------------------------------

--
-- Struktur dari tabel `matapelajaran`
--

CREATE TABLE `matapelajaran` (
  `kode` int(10) NOT NULL,
  `nama` varchar(50) DEFAULT NULL,
  `jumlah_jam` int(6) DEFAULT NULL,
  `semester` int(2) DEFAULT NULL,
  `aktif` enum('True','False') DEFAULT 'True',
  `jenis` enum('TEORI','PRAKTIKUM') DEFAULT 'TEORI',
  `nama_kode` varchar(10) DEFAULT NULL,
  `kode_prodi` int(5) DEFAULT NULL,
  `id_mapel` varchar(10) DEFAULT NULL
) ENGINE=InnoDB DEFAULT CHARSET=latin1 COMMENT='example kode_mk = 0765109 ';

--
-- Dumping data untuk tabel `matapelajaran`
--

INSERT INTO `matapelajaran` (`kode`, `nama`, `jumlah_jam`, `semester`, `aktif`, `jenis`, `nama_kode`, `kode_prodi`, `id_mapel`) VALUES
(398, 'Pengantar Studi Pemikiran Islam', 2, 2, 'True', 'TEORI', '1000202', 4, NULL),
(399, 'Pengantar Studi Hukum Islam', 2, 2, 'True', 'TEORI', '1000203', 4, NULL),
(400, 'Pengantar Studi Hukum Islam', 2, 2, 'True', 'TEORI', '1000203', 1, NULL),
(401, 'Pengantar Studi Sejarah Peradaban Islam', 2, 2, 'True', 'TEORI', '1000204', 1, NULL),
(402, 'Kewarganegaraan', 2, 2, 'True', 'TEORI', '1000206', 4, NULL),
(403, 'Kewarganegaraan', 2, 2, 'True', 'TEORI', '1000206', 1, NULL),
(405, 'Filsafat Ilmu', 2, 2, 'True', 'TEORI', '1000210', 1, NULL),
(406, 'Islam Dan Budaya Minangkabau', 2, 2, 'True', 'TEORI', '1000212', 4, NULL),
(407, 'Bahasa Inggris Matematika', 2, 2, 'True', 'TEORI', '1701104', 4, NULL),
(408, 'Bahasa Arab Matematika', 2, 2, 'True', 'TEORI', '1701105', 4, NULL),
(409, 'Kalkulus Integral', 4, 2, 'True', 'TEORI', '1701106', 4, NULL),
(410, 'Aljabar Linear Elementer', 4, 2, 'True', 'TEORI', '1701107', 4, NULL),
(411, 'Teori Bilangan', 4, 2, 'True', 'TEORI', '1701108', 4, NULL),
(412, 'Pengantar Aplikasi Komputer Matematika', 3, 2, 'True', 'PRAKTIKUM', '1701110', 4, NULL),
(413, 'Pemograman Komputer', 3, 2, 'True', 'PRAKTIKUM', '1701116', 4, NULL),
(414, 'Geometri Transformasi', 3, 2, 'True', 'TEORI', '1701117', 4, NULL),
(415, 'Statistika Inferensial', 4, 2, 'True', 'TEORI', '1701118', 4, NULL),
(416, 'Persamaan Diferensial Biasa', 4, 2, 'True', 'TEORI', '1701119', 4, NULL),
(417, 'Tafsir Sains', 2, 2, 'True', 'TEORI', '1701120', 4, NULL),
(418, 'Analisis Real', 3, 2, 'True', 'TEORI', '1701126', 4, NULL),
(419, 'Fungsi Kompleks', 3, 2, 'True', 'TEORI', '1701127', 4, NULL),
(420, 'Pemodelan Matematika', 4, 2, 'True', 'TEORI', '1701128', 4, NULL),
(421, 'Analisis Regresi', 3, 2, 'True', 'TEORI', '1701129', 4, NULL),
(422, 'Teknik Sampling (Pilihan)', 2, 2, 'True', 'TEORI', '1701301', 4, NULL),
(423, 'Teknik Optimasi (Pilihan)', 3, 2, 'True', 'PRAKTIKUM', '1701303', 4, NULL),
(424, 'Pengantar Teori Permainan (Pilihan)', 2, 2, 'True', 'PRAKTIKUM', '1701306', 4, NULL),
(425, 'Matematika Keuangan (Pilihan)', 2, 2, 'True', 'TEORI', '1701307', 4, NULL),
(426, 'Pers. Diffrerensial Parsial (Pilihan)', 2, 2, 'True', 'TEORI', '1701308', 4, NULL),
(427, 'Matematika Aktuaria (Pilhan)', 3, 2, 'True', 'TEORI', '1701309', 4, NULL),
(428, 'Kapita Selekta Matematika Terapan (Pilihan)', 2, 2, 'True', 'TEORI', '1701310', 4, NULL),
(429, 'Pengantar Teori Ukuran dan Integral Lebesgue (Pili', 3, 2, 'True', 'TEORI', '1701311', 4, NULL),
(430, 'Matematika Diskrit', 3, 2, 'True', 'TEORI', '1702102', 1, NULL),
(431, 'Statistika dan Probabilitas', 3, 2, 'True', 'TEORI', '1702104', 1, NULL),
(432, 'Dasar Pemrograman', 3, 2, 'True', 'PRAKTIKUM', '1702106', 1, NULL),
(433, 'Akuntansi Syariah', 2, 2, 'True', 'TEORI', '1702114', 1, NULL),
(434, 'Organisasi dan Arsitektur Komputer', 3, 2, 'True', 'TEORI', '1702120', 1, NULL),
(435, 'Fiqih Ibadah', 2, 2, 'True', 'TEORI', '1702121', 1, NULL),
(436, 'Analisis dan Perancangan Sistem Informasi', 3, 2, 'True', 'TEORI', '1702122', 1, NULL),
(437, 'Arsitektur Enterprise', 3, 2, 'True', 'TEORI', '1702123', 1, NULL),
(438, 'Data Warehouse', 3, 2, 'True', 'PRAKTIKUM', '1702124', 1, NULL),
(439, 'Desain UI/UX', 2, 2, 'True', 'PRAKTIKUM', '1702126', 1, NULL),
(440, 'Jaringan Komputer', 3, 2, 'True', 'PRAKTIKUM', '1702127', 1, NULL),
(441, 'Pemrograman Web', 3, 2, 'True', 'PRAKTIKUM', '1702129', 1, NULL),
(442, 'Aljabar Linear', 3, 2, 'True', 'TEORI', '1702131', 1, NULL),
(443, 'Sistem Informasi Manajemen (SIM)', 2, 2, 'True', 'TEORI', '1702134', 1, NULL),
(444, 'English For Reading And Communicatoin Skills', 2, 2, 'True', 'TEORI', '1702138', 1, NULL),
(445, 'Menulis Ilmiah', 2, 2, 'True', 'TEORI', '1702147', 1, NULL),
(446, 'Technopreneurship', 2, 2, 'True', 'TEORI', '1702150', 1, NULL),
(447, 'Integrasi Aplikasi Perusahaan (Pilhan)', 3, 2, 'True', 'TEORI', '1702312', 1, NULL),
(448, 'Manajemen Pengetahuan (Pilihan)', 3, 2, 'True', 'TEORI', '1702316', 1, NULL),
(449, 'Sistem Penunjang Keputusan Cerdas (Pilihan)', 3, 2, 'True', 'TEORI', '1702321', 1, NULL);

-- --------------------------------------------------------

--
-- Struktur dari tabel `pengampu`
--

CREATE TABLE `pengampu` (
  `kode` int(10) NOT NULL,
  `kode_mk` int(10) DEFAULT NULL,
  `kode_guru` int(10) DEFAULT NULL,
  `kelas` int(10) DEFAULT NULL,
  `tahun_akademik` int(10) DEFAULT NULL,
  `kode_prodi` int(11) DEFAULT NULL,
  `semester` int(2) DEFAULT NULL,
  `kuota` int(5) DEFAULT NULL,
  `kode_ruang` int(5) NOT NULL
) ENGINE=InnoDB DEFAULT CHARSET=latin1;

--
-- Dumping data untuk tabel `pengampu`
--

INSERT INTO `pengampu` (`kode`, `kode_mk`, `kode_guru`, `kelas`, `tahun_akademik`, `kode_prodi`, `semester`, `kuota`, `kode_ruang`) VALUES
(329, 170, 310, 1, 9, 4, 5, 40, 0),
(330, 169, 195, 2, 9, 4, 3, 40, 0),
(331, 171, 245, 2, 9, 4, 1, 40, 0),
(332, 171, 214, 1, 9, 4, 1, 40, 0),
(333, 166, 202, 1, 9, 4, 3, 40, 0),
(368, 159, 145, 2, 9, 4, 1, 40, 0),
(369, 162, 124, 1, 9, 4, 3, 40, 0),
(370, 161, 208, 1, 9, 4, 5, 40, 0),
(371, 395, 196, 1, 9, 4, 3, 40, 0),
(372, 102, 206, 4, 9, 4, 3, 20, 0),
(373, 162, 209, 2, 9, 4, 3, 40, 0),
(374, 160, 202, 1, 9, 4, 7, 40, 0),
(376, 158, 108, 2, 9, 4, 3, 40, 0),
(377, 159, 195, 1, 9, 4, 1, 40, 0),
(378, 159, 145, 2, 9, 4, 1, 40, 0),
(888, 78, 85, 2, 9, 1, 5, 40, 0),
(924, 104, 94, 1, 9, 1, 1, 40, 0),
(925, 133, 85, 2, 9, 1, 1, 40, 0),
(929, 135, 100, 1, 9, 1, 3, 40, 0),
(930, 73, 96, 3, 9, 1, 1, 40, 0),
(934, 104, 94, 2, 9, 1, 1, 40, 0),
(935, 88, 99, 3, 9, 1, 1, 40, 0),
(936, 85, 97, 2, 9, 1, 5, 40, 0),
(940, 84, 99, 1, 9, 1, 3, 40, 0),
(941, 82, 95, 2, 9, 1, 5, 40, 0),
(945, 81, 106, 1, 9, 1, 5, 40, 0),
(946, 146, 97, 1, 9, 1, 7, 40, 0),
(950, 133, 85, 3, 9, 1, 1, 40, 0),
(951, 88, 100, 1, 9, 1, 1, 40, 0),
(952, 85, 97, 1, 9, 1, 5, 40, 0),
(956, 79, 100, 1, 9, 1, 5, 40, 0),
(957, 104, 94, 3, 9, 1, 1, 40, 0),
(961, 145, 98, 2, 9, 1, 3, 40, 0),
(962, 144, 95, 1, 9, 1, 5, 40, 0),
(966, 133, 92, 1, 9, 1, 1, 40, 0),
(967, 137, 87, 2, 9, 1, 3, 40, 0),
(968, 83, 89, 1, 9, 1, 7, 40, 0),
(972, 144, 95, 2, 9, 1, 5, 40, 0),
(977, 77, 87, 1, 9, 1, 7, 40, 0),
(978, 75, 100, 1, 9, 1, 7, 40, 0),
(982, 137, 92, 2, 9, 1, 3, 40, 0),
(983, 74, 89, 2, 9, 1, 5, 40, 0),
(984, 84, 99, 2, 9, 1, 3, 40, 0),
(988, 88, 100, 1, 9, 1, 1, 40, 0),
(989, 73, 96, 2, 9, 1, 1, 40, 0),
(993, 145, 98, 1, 9, 1, 3, 40, 0),
(994, 74, 89, 1, 9, 1, 5, 40, 0),
(999, 88, 99, 3, 9, 1, 1, 40, 0),
(1000, 89, 111, 1, 9, 1, 5, 40, 0),
(1004, 88, 98, 2, 9, 1, 1, 40, 0),
(1005, 105, 109, 1, 9, 1, 1, 40, 0),
(1009, 105, 109, 2, 9, 1, 1, 40, 0),
(1010, 106, 90, 3, 9, 1, 1, 40, 0),
(1014, 107, 108, 1, 9, 1, 3, 40, 0),
(1015, 135, 100, 2, 9, 1, 3, 40, 0),
(1016, 108, 98, 1, 9, 1, 5, 40, 0),
(1020, 105, 109, 3, 9, 1, 1, 40, 0),
(1021, 106, 90, 1, 9, 1, 1, 40, 0),
(1025, 106, 90, 2, 9, 1, 1, 40, 0),
(1026, 107, 108, 2, 9, 1, 3, 40, 0),
(1030, 108, 98, 2, 9, 1, 5, 40, 0),
(1032, 110, 114, 1, 9, 1, 1, 40, 0),
(1036, 110, 114, 2, 9, 1, 1, 40, 0),
(1037, 110, 114, 3, 9, 1, 1, 40, 0),
(1042, 101, 119, 2, 9, 1, 3, 40, 0),
(1047, 81, 106, 2, 9, 1, 5, 40, 0),
(1048, 103, 309, 1, 9, 1, 7, 40, 0),
(1052, 82, 95, 1, 9, 1, 5, 40, 0),
(1053, 101, 119, 1, 9, 1, 3, 40, 0),
(1057, 83, 89, 2, 9, 1, 7, 40, 0),
(1058, 89, 111, 2, 9, 1, 5, 40, 0),
(1062, 112, 128, 1, 9, 4, 3, 40, 0),
(1063, 96, 145, 2, 9, 4, 1, 40, 0),
(1067, 112, 194, 2, 9, 4, 3, 40, 0),
(1068, 93, 195, 2, 9, 4, 7, 40, 0),
(1069, 90, 196, 2, 9, 4, 5, 40, 0),
(1073, 93, 145, 1, 9, 4, 7, 40, 0),
(1078, 102, 198, 1, 9, 4, 3, 20, 0),
(1079, 148, 115, 1, 9, 4, 1, 40, 0),
(1080, 148, 122, 2, 9, 4, 1, 40, 0),
(1084, 149, 199, 1, 9, 4, 5, 40, 0),
(1085, 149, 199, 2, 9, 4, 5, 40, 0),
(1089, 102, 198, 2, 9, 4, 3, 20, 0),
(1090, 150, 116, 1, 9, 4, 7, 40, 0),
(1094, 151, 209, 1, 9, 4, 3, 40, 0),
(1095, 151, 196, 2, 9, 4, 3, 40, 0),
(1096, 152, 101, 1, 9, 4, 1, 40, 0),
(1100, 152, 201, 2, 9, 4, 1, 40, 0),
(1101, 153, 202, 1, 9, 4, 1, 40, 0),
(1105, 153, 145, 2, 9, 4, 1, 40, 0),
(1106, 154, 203, 1, 9, 4, 5, 40, 0),
(1110, 154, 198, 2, 9, 4, 5, 40, 0),
(1111, 102, 204, 3, 9, 4, 3, 20, 0),
(1112, 155, 206, 1, 9, 4, 3, 40, 0),
(1116, 156, 205, 1, 9, 4, 7, 40, 0),
(1117, 157, 204, 1, 9, 4, 5, 40, 0),
(1121, 157, 206, 2, 9, 4, 5, 40, 0),
(1122, 158, 108, 1, 9, 4, 3, 40, 0),
(1357, 135, 92, 1, 9, 1, 1, 50, 3),
(1358, 400, 313, 1, 9, 1, 2, 40, 0),
(1359, 400, 307, 2, 9, 1, 2, 40, 0),
(1362, 400, 307, 3, 9, 1, 2, 40, 0),
(1363, 400, 313, 4, 9, 1, 2, 40, 0),
(1364, 399, 313, 1, 9, 4, 2, 40, 0),
(1365, 399, 313, 2, 9, 4, 2, 40, 0),
(1367, 400, 307, 5, 9, 1, 2, 40, 0),
(1368, 401, 254, 1, 9, 1, 2, 40, 0),
(1369, 401, 254, 2, 9, 1, 2, 40, 0),
(1370, 401, 254, 3, 9, 1, 2, 40, 0),
(1371, 401, 254, 4, 9, 1, 2, 40, 0),
(1372, 401, 254, 5, 9, 1, 2, 40, 0),
(1373, 403, 194, 1, 9, 1, 2, 40, 0),
(1374, 403, 194, 2, 9, 1, 2, 40, 0),
(1375, 403, 194, 3, 9, 1, 2, 40, 0),
(1376, 403, 194, 4, 9, 1, 2, 40, 0),
(1377, 403, 246, 5, 9, 1, 2, 40, 0),
(1378, 430, 239, 1, 9, 1, 2, 40, 0),
(1379, 430, 201, 2, 9, 1, 2, 40, 0),
(1380, 430, 201, 3, 9, 1, 2, 40, 0),
(1381, 430, 239, 4, 9, 1, 2, 40, 0),
(1382, 430, 201, 5, 9, 1, 2, 40, 0),
(1383, 431, 308, 1, 9, 1, 2, 40, 0),
(1384, 431, 308, 2, 9, 1, 2, 40, 0),
(1385, 431, 308, 3, 9, 1, 2, 40, 0),
(1386, 431, 308, 4, 9, 1, 2, 40, 0),
(1387, 431, 308, 5, 9, 1, 2, 40, 0),
(1388, 432, 92, 1, 9, 1, 2, 40, 37),
(1389, 432, 92, 2, 9, 1, 2, 40, 37),
(1390, 432, 92, 3, 9, 1, 2, 40, 38),
(1391, 432, 92, 4, 9, 1, 2, 40, 38),
(1392, 432, 92, 5, 9, 1, 2, 40, 38),
(1393, 434, 293, 1, 9, 1, 2, 40, 0),
(1394, 434, 293, 2, 9, 1, 2, 40, 0),
(1395, 434, 293, 3, 9, 1, 2, 40, 0),
(1396, 434, 293, 4, 9, 1, 2, 40, 0),
(1397, 434, 293, 5, 9, 1, 2, 40, 0),
(1398, 442, 266, 1, 9, 1, 2, 40, 0),
(1399, 442, 266, 2, 9, 1, 2, 40, 0),
(1400, 442, 306, 3, 9, 1, 2, 40, 0),
(1401, 442, 306, 4, 9, 1, 2, 40, 0),
(1402, 442, 306, 5, 9, 1, 2, 40, 0),
(1403, 443, 95, 1, 9, 1, 2, 40, 0),
(1404, 443, 95, 2, 9, 1, 2, 40, 0),
(1405, 443, 250, 3, 9, 1, 2, 40, 0),
(1406, 443, 250, 4, 9, 1, 2, 40, 0),
(1407, 443, 250, 5, 9, 1, 2, 40, 0),
(1408, 405, 196, 1, 9, 1, 4, 40, 3),
(1409, 405, 196, 2, 9, 1, 4, 40, 5),
(1410, 435, 203, 1, 9, 1, 4, 40, 0),
(1411, 435, 203, 2, 9, 1, 4, 40, 0),
(1412, 436, 107, 1, 9, 1, 4, 40, 0),
(1413, 436, 97, 2, 9, 1, 4, 40, 0),
(1414, 437, 103, 1, 9, 1, 4, 40, 0),
(1415, 437, 103, 2, 9, 1, 2, 40, 0),
(1416, 438, 239, 1, 9, 1, 4, 40, 38),
(1417, 438, 239, 2, 9, 1, 4, 40, 38),
(1418, 439, 103, 1, 9, 1, 4, 40, 38),
(1419, 439, 97, 2, 9, 1, 4, 40, 38),
(1420, 440, 310, 1, 9, 1, 4, 40, 34),
(1421, 440, 310, 2, 9, 1, 4, 40, 34),
(1422, 441, 95, 1, 9, 1, 4, 40, 38),
(1423, 441, 95, 2, 9, 1, 4, 40, 38),
(1424, 444, 295, 1, 9, 1, 6, 40, 0),
(1425, 445, 196, 1, 9, 1, 6, 40, 4),
(1426, 433, 273, 1, 9, 1, 4, 40, 0),
(1427, 433, 273, 2, 9, 1, 4, 40, 0),
(1428, 446, 97, 1, 9, 1, 6, 40, 0),
(1429, 447, 103, 1, 9, 1, 6, 40, 0),
(1430, 448, 97, 1, 9, 1, 6, 40, 0),
(1431, 449, 250, 1, 9, 1, 6, 40, 4),
(1432, 402, 246, 1, 9, 4, 2, 40, 0),
(1433, 402, 246, 2, 9, 4, 2, 40, 0),
(1434, 406, 307, 1, 9, 4, 2, 40, 0),
(1435, 406, 307, 2, 9, 4, 2, 40, 0),
(1436, 407, 228, 1, 9, 4, 2, 40, 0),
(1437, 407, 259, 2, 9, 4, 2, 40, 0),
(1438, 408, 204, 1, 9, 4, 2, 40, 0),
(1439, 408, 204, 2, 9, 4, 2, 40, 0),
(1440, 409, 311, 1, 9, 4, 2, 40, 0),
(1441, 409, 87, 2, 9, 4, 2, 40, 0),
(1442, 410, 228, 1, 9, 4, 2, 40, 0),
(1443, 410, 258, 2, 9, 4, 2, 40, 0),
(1444, 411, 289, 1, 9, 4, 2, 40, 0),
(1445, 411, 122, 2, 9, 4, 2, 40, 0),
(1446, 412, 280, 1, 9, 4, 4, 40, 37),
(1447, 412, 311, 2, 9, 4, 4, 40, 37),
(1448, 413, 259, 1, 9, 4, 4, 40, 37),
(1449, 413, 259, 2, 9, 4, 4, 40, 37),
(1450, 414, 266, 1, 9, 4, 4, 40, 0),
(1451, 414, 266, 2, 9, 4, 4, 40, 0),
(1452, 415, 228, 1, 9, 4, 4, 40, 0),
(1453, 415, 259, 2, 9, 4, 4, 40, 0),
(1454, 416, 258, 1, 9, 4, 4, 40, 0),
(1455, 416, 280, 2, 9, 4, 4, 40, 0),
(1456, 417, 278, 1, 9, 4, 4, 40, 0),
(1457, 417, 278, 2, 9, 4, 4, 40, 0),
(1458, 418, 289, 1, 9, 4, 6, 40, 0),
(1459, 419, 289, 1, 9, 4, 6, 40, 0),
(1460, 420, 87, 1, 9, 4, 6, 40, 0),
(1461, 421, 122, 1, 9, 4, 6, 40, 0),
(1462, 425, 311, 1, 9, 4, 6, 40, 0),
(1463, 426, 87, 1, 9, 4, 6, 40, 0),
(1464, 427, 311, 1, 9, 4, 6, 40, 0),
(1465, 428, 280, 1, 9, 4, 6, 40, 0),
(1466, 429, 289, 1, 9, 4, 6, 40, 0),
(1467, 422, 122, 1, 9, 4, 4, 40, 0),
(1468, 422, 122, 2, 9, 4, 4, 40, 0),
(1469, 423, 280, 1, 9, 4, 4, 40, 37),
(1470, 424, 258, 1, 9, 4, 4, 40, 37),
(1471, 398, 320, 1, 9, 4, 2, 40, 0),
(1472, 398, 320, 2, 9, 4, 2, 40, 0);

-- --------------------------------------------------------

--
-- Struktur dari tabel `prodi`
--

CREATE TABLE `prodi` (
  `kode` int(11) NOT NULL,
  `nama_prodi` varchar(50) NOT NULL,
  `kode_jurusan` int(5) NOT NULL,
  `id_prodi` varchar(5) NOT NULL
) ENGINE=InnoDB DEFAULT CHARSET=latin1;

--
-- Dumping data untuk tabel `prodi`
--

INSERT INTO `prodi` (`kode`, `nama_prodi`, `kode_jurusan`, `id_prodi`) VALUES
(1, 'Sistem Informasi', 1, 'P01'),
(4, 'Matematika', 1, 'P04');

-- --------------------------------------------------------

--
-- Struktur dari tabel `riwayat_penjadwalan`
--

CREATE TABLE `riwayat_penjadwalan` (
  `kode` int(11) NOT NULL,
  `kode_pengampu` int(10) NOT NULL,
  `kode_hari` int(5) NOT NULL,
  `kode_jam` int(5) NOT NULL,
  `kode_ruang` int(5) NOT NULL
) ENGINE=InnoDB DEFAULT CHARSET=latin1;

--
-- Dumping data untuk tabel `riwayat_penjadwalan`
--

INSERT INTO `riwayat_penjadwalan` (`kode`, `kode_pengampu`, `kode_hari`, `kode_jam`, `kode_ruang`) VALUES
(4, 1032, 1, 6, 13),
(5, 957, 1, 2, 9),
(9, 888, 1, 3, 15),
(10, 993, 1, 3, 9),
(11, 1015, 1, 3, 13),
(17, 988, 2, 6, 13),
(18, 1053, 2, 2, 15),
(21, 978, 2, 3, 15),
(22, 1025, 2, 3, 13),
(23, 1030, 2, 3, 3),
(29, 925, 3, 2, 9),
(30, 983, 3, 2, 3),
(34, 924, 3, 3, 15),
(35, 952, 3, 3, 3),
(44, 934, 4, 2, 9),
(45, 967, 4, 2, 3),
(46, 929, 4, 3, 15),
(48, 1016, 4, 3, 13),
(49, 1021, 4, 3, 9),
(56, 951, 5, 6, 13),
(125, 331, 1, 2, 16),
(132, 1096, 2, 6, 14),
(133, 369, 2, 2, 1),
(135, 368, 2, 3, 16),
(136, 1062, 2, 3, 1),
(137, 1101, 2, 3, 14),
(144, 1068, 3, 2, 1),
(146, 371, 3, 3, 1),
(147, 1106, 3, 3, 8),
(154, 1110, 4, 2, 8),
(155, 329, 4, 3, 14),
(156, 372, 4, 3, 34),
(157, 1090, 4, 3, 8),
(163, 376, 5, 6, 1),
(165, 1112, 5, 6, 8),
(168, 1122, 5, 15, 14),
(1237, 1407, 1, 23, 52),
(1238, 1413, 1, 24, 8),
(1239, 1389, 1, 24, 37),
(1240, 1393, 1, 24, 10),
(1241, 1464, 1, 24, 49),
(1242, 1445, 1, 25, 51),
(1243, 1462, 1, 6, 10),
(1244, 1386, 1, 33, 9),
(1245, 1392, 1, 33, 38),
(1246, 1431, 1, 33, 4),
(1247, 1469, 1, 33, 37),
(1248, 1412, 1, 30, 14),
(1249, 1446, 1, 30, 37),
(1250, 1383, 1, 30, 4),
(1251, 1395, 1, 30, 50),
(1252, 1430, 1, 30, 3),
(1253, 1468, 1, 32, 13),
(1254, 1471, 1, 32, 2),
(1255, 1372, 1, 11, 10),
(1256, 1437, 1, 11, 12),
(1257, 1466, 1, 3, 16),
(1258, 1440, 1, 20, 15),
(1259, 1425, 2, 23, 4),
(1260, 1416, 2, 24, 38),
(1261, 1385, 2, 24, 12),
(1262, 1388, 2, 24, 37),
(1263, 1394, 2, 24, 2),
(1264, 1402, 2, 24, 5),
(1265, 1443, 2, 25, 9),
(1266, 1444, 2, 25, 10),
(1267, 1452, 2, 25, 15),
(1268, 1365, 2, 6, 9),
(1269, 1378, 2, 33, 12),
(1270, 1384, 2, 33, 4),
(1271, 1448, 2, 33, 37),
(1272, 1390, 2, 33, 38),
(1273, 1461, 2, 33, 8),
(1274, 1377, 2, 29, 13),
(1275, 1463, 2, 29, 16),
(1276, 1467, 2, 29, 11),
(1277, 1379, 2, 30, 51),
(1278, 1447, 2, 30, 37),
(1279, 1417, 2, 30, 38),
(1280, 1396, 2, 30, 52),
(1281, 1358, 2, 32, 1),
(1282, 1368, 2, 11, 2),
(1283, 1405, 2, 11, 10),
(1284, 1449, 2, 3, 37),
(1285, 1391, 2, 3, 38),
(1286, 1458, 2, 3, 5),
(1287, 1397, 2, 3, 49),
(1288, 1454, 2, 20, 16),
(1289, 1409, 3, 23, 5),
(1290, 1408, 3, 6, 3),
(1291, 1419, 3, 6, 38),
(1292, 1428, 3, 32, 8),
(1293, 1369, 3, 32, 5),
(1294, 1434, 3, 32, 4),
(1295, 1373, 3, 32, 3),
(1296, 1418, 3, 11, 38),
(1297, 1457, 3, 11, 3),
(1298, 1438, 3, 11, 15),
(1299, 1359, 4, 23, 50),
(1300, 1433, 4, 23, 2),
(1301, 1436, 4, 23, 15),
(1302, 1381, 4, 24, 10),
(1303, 1459, 4, 24, 7),
(1304, 1453, 4, 25, 11),
(1305, 1363, 4, 6, 10),
(1306, 1380, 4, 33, 13),
(1307, 1387, 4, 33, 4),
(1308, 1422, 4, 33, 38),
(1309, 1460, 4, 2, 5),
(1310, 1376, 4, 29, 6),
(1311, 1404, 4, 29, 12),
(1312, 1400, 4, 30, 16),
(1313, 1364, 4, 32, 51),
(1314, 1465, 4, 32, 1),
(1315, 1371, 4, 11, 5),
(1316, 1374, 4, 11, 6),
(1317, 1414, 4, 3, 11),
(1318, 1423, 4, 3, 38),
(1319, 1441, 4, 20, 16),
(1320, 1442, 4, 20, 52),
(1321, 1472, 5, 23, 49),
(1322, 1410, 5, 23, 1),
(1323, 1362, 5, 23, 15),
(1324, 1427, 5, 23, 51),
(1325, 1406, 5, 23, 10),
(1326, 1470, 5, 23, 37),
(1327, 1429, 5, 24, 12),
(1328, 1399, 5, 24, 3),
(1329, 1455, 5, 25, 5),
(1330, 1456, 5, 6, 4),
(1331, 1411, 5, 15, 5),
(1332, 1435, 5, 15, 6),
(1333, 1382, 5, 19, 9),
(1334, 1401, 5, 19, 52),
(1335, 1403, 5, 21, 11),
(1336, 1426, 6, 6, 6),
(1337, 1432, 6, 6, 50),
(1338, 1375, 6, 6, 2),
(1339, 1451, 6, 33, 51),
(1340, 1421, 6, 33, 34),
(1341, 1415, 6, 30, 14),
(1342, 1450, 6, 30, 8),
(1343, 1420, 6, 30, 34),
(1344, 1370, 6, 32, 6),
(1345, 1439, 6, 32, 12),
(1346, 1424, 6, 11, 50),
(1347, 1367, 6, 11, 49),
(1348, 1398, 6, 3, 14);

-- --------------------------------------------------------

--
-- Struktur dari tabel `ruang`
--

CREATE TABLE `ruang` (
  `kode` int(10) NOT NULL,
  `nama` varchar(50) DEFAULT NULL,
  `kapasitas` int(10) DEFAULT NULL,
  `jenis` enum('TEORI','LABORATORIUM') DEFAULT NULL,
  `kode_jurusan` int(5) NOT NULL,
  `lantai` int(3) NOT NULL,
  `id_ruang` varchar(5) DEFAULT NULL
) ENGINE=InnoDB DEFAULT CHARSET=latin1;

--
-- Dumping data untuk tabel `ruang`
--

INSERT INTO `ruang` (`kode`, `nama`, `kapasitas`, `jenis`, `kode_jurusan`, `lantai`, `id_ruang`) VALUES
(0, 'Acak', 0, 'TEORI', 1, 1, 'R0'),
(1, '171 - Imam Al Asma`i', 45, 'TEORI', 1, 1, 'R1'),
(2, '172 - Imam Al Khawarizmi', 45, 'TEORI', 1, 1, 'R2'),
(3, '173 - Imam Ibnu Firnas', 45, 'TEORI', 1, 1, 'R3'),
(4, '174 - Imam Al Mahani', 45, 'TEORI', 1, 1, 'R4'),
(5, '175 - Imam Ibnu Tulun', 45, 'TEORI', 1, 1, 'R5'),
(6, '176 - Imam Al Battani', 45, 'TEORI', 1, 1, 'R6'),
(7, '177 - Imam An Nayrizmi', 45, 'TEORI', 1, 1, 'R7'),
(8, '178 - Imam Al Zahrawi', 45, 'TEORI', 1, 1, 'R8'),
(9, '179 - Imam Umar Khayyam', 45, 'TEORI', 1, 1, 'R9'),
(10, '180 - Imam Ibnu Yunus', 45, 'TEORI', 1, 2, 'R10'),
(11, '181 - Imam Ibnu Haitsam', 45, 'TEORI', 1, 2, 'R11'),
(12, '182 - Imam Al Biruni', 45, 'TEORI', 1, 2, 'R12'),
(13, '183 - Imam Ibnu Sina', 45, 'TEORI', 1, 2, 'R13'),
(14, '184 - Imam Ibnu Bajjah', 45, 'TEORI', 1, 2, 'R14'),
(15, '185 - Imam At Thusi', 45, 'TEORI', 1, 2, 'R15'),
(16, '186 - Imam Ibnu Thufail', 45, 'TEORI', 1, 2, 'R16'),
(34, 'Lab. Komputer FEBI', 40, 'LABORATORIUM', 1, 1, 'R17'),
(37, '191 - Labor Komputer I', 50, 'LABORATORIUM', 1, 3, 'R18'),
(38, '192 - Labor Komputer II', 50, 'LABORATORIUM', 1, 3, 'R19'),
(49, '187 - Imam Ibnu Rusyd', 45, 'TEORI', 1, 3, 'R20'),
(50, '188 - Imam Al Jazari', 45, 'TEORI', 1, 3, 'R21'),
(51, '189 - Imam Ibnu An Nafis', 45, 'TEORI', 1, 3, 'R22'),
(52, '190 - Imam Ar Razi', 45, 'TEORI', 1, 3, 'R23');

-- --------------------------------------------------------

--
-- Struktur dari tabel `semester`
--

CREATE TABLE `semester` (
  `kode` int(2) NOT NULL,
  `nama_semester` varchar(10) NOT NULL,
  `semester_tipe` int(10) NOT NULL,
  `id_semester` varchar(5) DEFAULT NULL
) ENGINE=InnoDB DEFAULT CHARSET=latin1;

--
-- Dumping data untuk tabel `semester`
--

INSERT INTO `semester` (`kode`, `nama_semester`, `semester_tipe`, `id_semester`) VALUES
(1, 'I', 1, 'S01'),
(2, 'II', 2, 'S02'),
(3, 'III', 1, 'S03'),
(4, 'IV', 2, 'S04'),
(5, 'V', 1, 'S05'),
(6, 'VI', 2, 'S06'),
(7, 'VII', 1, 'S07'),
(11, 'VIII', 2, 'S08');

-- --------------------------------------------------------

--
-- Struktur dari tabel `semester_tipe`
--

CREATE TABLE `semester_tipe` (
  `kode` int(2) NOT NULL,
  `tipe_semester` varchar(10) NOT NULL
) ENGINE=InnoDB DEFAULT CHARSET=latin1;

--
-- Dumping data untuk tabel `semester_tipe`
--

INSERT INTO `semester_tipe` (`kode`, `tipe_semester`) VALUES
(1, 'GANJIL'),
(2, 'GENAP');

-- --------------------------------------------------------

--
-- Struktur dari tabel `status_dosen`
--

CREATE TABLE `status_dosen` (
  `kode` int(5) NOT NULL,
  `status` varchar(20) NOT NULL
) ENGINE=InnoDB DEFAULT CHARSET=latin1;

--
-- Dumping data untuk tabel `status_dosen`
--

INSERT INTO `status_dosen` (`kode`, `status`) VALUES
(1, 'Normal'),
(2, 'Lansia'),
(3, 'Bumil'),
(4, 'Difabel');

-- --------------------------------------------------------

--
-- Struktur dari tabel `tahun_akademik`
--

CREATE TABLE `tahun_akademik` (
  `kode` int(10) NOT NULL,
  `tahun` varchar(20) NOT NULL
) ENGINE=InnoDB DEFAULT CHARSET=latin1;

--
-- Dumping data untuk tabel `tahun_akademik`
--

INSERT INTO `tahun_akademik` (`kode`, `tahun`) VALUES
(9, '2022/2023'),
(10, '2023/2024');

-- --------------------------------------------------------

--
-- Struktur dari tabel `user`
--

CREATE TABLE `user` (
  `kode` int(2) NOT NULL,
  `email` varchar(50) DEFAULT NULL,
  `password` varchar(50) DEFAULT NULL,
  `nama` varchar(50) NOT NULL
) ENGINE=InnoDB DEFAULT CHARSET=latin1;

--
-- Dumping data untuk tabel `user`
--

INSERT INTO `user` (`kode`, `email`, `password`, `nama`) VALUES
(1, 'admin@gmail.com', '81dc9bdb52d04dc20036dbd8313ed055', 'admin'),
(5, 'rasyidtaufiq7@gmail.com', '81dc9bdb52d04dc20036dbd8313ed055', 'Taufiq Alrasyid');

-- --------------------------------------------------------

--
-- Struktur dari tabel `waktu_tidak_bersedia`
--

CREATE TABLE `waktu_tidak_bersedia` (
  `kode` int(10) NOT NULL,
  `kode_guru` int(10) DEFAULT NULL,
  `kode_hari` int(10) DEFAULT NULL,
  `kode_jam` int(10) DEFAULT NULL
) ENGINE=InnoDB DEFAULT CHARSET=latin1;

--
-- Dumping data untuk tabel `waktu_tidak_bersedia`
--

INSERT INTO `waktu_tidak_bersedia` (`kode`, `kode_guru`, `kode_hari`, `kode_jam`) VALUES
(2243, 122, 3, 23),
(2244, 122, 3, 24),
(2245, 122, 3, 25),
(2246, 122, 3, 6),
(2248, 122, 3, 2),
(2249, 122, 3, 29),
(2250, 122, 3, 30),
(2251, 122, 3, 32),
(2252, 122, 3, 11),
(2253, 122, 3, 3),
(2254, 122, 3, 20),
(2255, 122, 3, 15),
(2256, 122, 3, 19),
(2257, 122, 3, 21),
(2258, 122, 4, 23),
(2259, 122, 4, 24),
(2260, 122, 4, 25),
(2261, 122, 4, 6),
(2263, 122, 4, 2),
(2264, 122, 4, 29),
(2265, 122, 4, 30),
(2266, 122, 4, 32),
(2267, 122, 4, 11),
(2268, 122, 4, 3),
(2269, 122, 4, 20),
(2270, 122, 4, 15),
(2271, 122, 4, 19),
(2272, 122, 4, 21),
(2273, 122, 5, 23),
(2274, 122, 5, 24),
(2275, 122, 5, 25),
(2276, 122, 5, 6),
(2278, 122, 5, 2),
(2279, 122, 5, 29),
(2280, 122, 5, 30),
(2281, 122, 5, 32),
(2282, 122, 5, 11),
(2283, 122, 5, 3),
(2284, 122, 5, 20),
(2285, 122, 5, 15),
(2286, 122, 5, 19),
(2287, 122, 5, 21),
(2288, 122, 6, 23),
(2289, 122, 6, 24),
(2290, 122, 6, 25),
(2291, 122, 6, 6),
(2293, 122, 6, 2),
(2294, 122, 6, 29),
(2295, 122, 6, 30),
(2296, 122, 6, 32),
(2297, 122, 6, 11),
(2298, 122, 6, 3),
(2299, 122, 6, 20),
(2300, 122, 6, 15),
(2301, 122, 6, 19),
(2302, 122, 6, 21),
(4776, 92, 3, 23),
(4777, 92, 3, 24),
(4778, 92, 3, 25),
(4779, 92, 3, 6),
(4781, 92, 3, 2),
(4782, 92, 3, 29),
(4783, 92, 3, 30),
(4784, 92, 3, 32),
(4785, 92, 3, 11),
(4786, 92, 3, 3),
(4787, 92, 3, 20),
(4788, 92, 3, 15),
(4789, 92, 3, 19),
(4790, 92, 3, 21),
(4791, 92, 4, 23),
(4792, 92, 4, 24),
(4793, 92, 4, 25),
(4794, 92, 4, 6),
(4796, 92, 4, 2),
(4797, 92, 4, 29),
(4798, 92, 4, 30),
(4799, 92, 4, 32),
(4800, 92, 4, 11),
(4801, 92, 4, 3),
(4802, 92, 4, 20),
(4803, 92, 4, 15),
(4804, 92, 4, 19),
(4805, 92, 4, 21),
(4806, 92, 5, 23),
(4807, 92, 5, 24),
(4808, 92, 5, 25),
(4809, 92, 5, 6),
(4811, 92, 5, 2),
(4812, 92, 5, 29),
(4813, 92, 5, 30),
(4814, 92, 5, 32),
(4815, 92, 5, 11),
(4816, 92, 5, 3),
(4817, 92, 5, 20),
(4818, 92, 5, 15),
(4819, 92, 5, 19),
(4820, 92, 5, 21),
(4821, 92, 6, 23),
(4822, 92, 6, 24),
(4823, 92, 6, 25),
(4824, 92, 6, 6),
(4826, 92, 6, 2),
(4827, 92, 6, 29),
(4828, 92, 6, 30),
(4829, 92, 6, 32),
(4830, 92, 6, 11),
(4831, 92, 6, 3),
(4832, 92, 6, 20),
(4833, 92, 6, 15),
(4834, 92, 6, 19),
(4835, 92, 6, 21),
(5504, 87, 1, 23),
(5505, 87, 1, 24),
(5506, 87, 1, 25),
(5507, 87, 1, 6),
(5509, 87, 1, 2),
(5510, 87, 1, 29),
(5511, 87, 1, 30),
(5512, 87, 1, 32),
(5513, 87, 1, 11),
(5514, 87, 1, 3),
(5515, 87, 1, 20),
(5516, 87, 1, 15),
(5517, 87, 1, 19),
(5518, 87, 1, 21),
(5519, 87, 3, 23),
(5520, 87, 3, 24),
(5521, 87, 3, 25),
(5522, 87, 3, 6),
(5524, 87, 3, 2),
(5525, 87, 3, 29),
(5526, 87, 3, 30),
(5527, 87, 3, 32),
(5528, 87, 3, 11),
(5529, 87, 3, 3),
(5530, 87, 3, 20),
(5531, 87, 3, 15),
(5532, 87, 3, 19),
(5533, 87, 3, 21),
(5534, 87, 5, 23),
(5535, 87, 5, 24),
(5536, 87, 5, 25),
(5537, 87, 5, 6),
(5539, 87, 5, 2),
(5540, 87, 5, 29),
(5541, 87, 5, 30),
(5542, 87, 5, 32),
(5543, 87, 5, 11),
(5544, 87, 5, 3),
(5545, 87, 5, 20),
(5546, 87, 5, 15),
(5547, 87, 5, 19),
(5548, 87, 5, 21),
(5549, 87, 6, 23),
(5550, 87, 6, 24),
(5551, 87, 6, 25),
(5552, 87, 6, 6),
(5554, 87, 6, 2),
(5555, 87, 6, 29),
(5556, 87, 6, 30),
(5557, 87, 6, 32),
(5558, 87, 6, 11),
(5559, 87, 6, 3),
(5560, 87, 6, 20),
(5561, 87, 6, 15),
(5562, 87, 6, 19),
(5563, 87, 6, 21),
(5624, 228, 1, 23),
(5625, 228, 1, 24),
(5626, 228, 1, 25),
(5627, 228, 1, 6),
(5629, 228, 1, 2),
(5630, 228, 1, 29),
(5631, 228, 1, 30),
(5632, 228, 1, 32),
(5633, 228, 1, 11),
(5634, 228, 1, 3),
(5635, 228, 1, 20),
(5636, 228, 1, 15),
(5637, 228, 1, 19),
(5638, 228, 1, 21),
(5639, 228, 3, 23),
(5640, 228, 3, 24),
(5641, 228, 3, 25),
(5642, 228, 3, 6),
(5644, 228, 3, 2),
(5645, 228, 3, 29),
(5646, 228, 3, 30),
(5647, 228, 3, 32),
(5648, 228, 3, 11),
(5649, 228, 3, 3),
(5650, 228, 3, 20),
(5651, 228, 3, 15),
(5652, 228, 3, 19),
(5653, 228, 3, 21),
(5654, 228, 5, 23),
(5655, 228, 5, 24),
(5656, 228, 5, 25),
(5657, 228, 5, 6),
(5659, 228, 5, 2),
(5660, 228, 5, 29),
(5661, 228, 5, 30),
(5662, 228, 5, 32),
(5663, 228, 5, 11),
(5664, 228, 5, 3),
(5665, 228, 5, 20),
(5666, 228, 5, 15),
(5667, 228, 5, 19),
(5668, 228, 5, 21),
(5669, 228, 6, 23),
(5670, 228, 6, 24),
(5671, 228, 6, 25),
(5672, 228, 6, 6),
(5674, 228, 6, 2),
(5675, 228, 6, 29),
(5676, 228, 6, 30),
(5677, 228, 6, 32),
(5678, 228, 6, 11),
(5679, 228, 6, 3),
(5680, 228, 6, 20),
(5681, 228, 6, 15),
(5682, 228, 6, 19),
(5683, 228, 6, 21),
(5684, 311, 2, 15),
(5685, 311, 2, 19),
(5686, 311, 2, 21),
(5687, 311, 3, 23),
(5688, 311, 3, 24),
(5689, 311, 3, 25),
(5690, 311, 3, 6),
(5692, 311, 3, 2),
(5693, 311, 3, 29),
(5694, 311, 3, 30),
(5695, 311, 3, 32),
(5696, 311, 3, 11),
(5697, 311, 3, 3),
(5698, 311, 3, 20),
(5699, 311, 3, 15),
(5700, 311, 3, 19),
(5701, 311, 3, 21),
(5702, 311, 4, 2),
(5703, 311, 4, 29),
(5704, 311, 4, 30),
(5705, 311, 4, 32),
(5706, 311, 4, 11),
(5707, 311, 4, 3),
(5708, 311, 4, 20),
(5709, 311, 4, 15),
(5710, 311, 4, 19),
(5711, 311, 4, 21),
(5712, 311, 5, 23),
(5713, 311, 5, 24),
(5714, 311, 5, 25),
(5715, 311, 5, 6),
(5717, 311, 5, 2),
(5718, 311, 5, 29),
(5719, 311, 5, 30),
(5720, 311, 5, 32),
(5721, 311, 5, 11),
(5722, 311, 5, 3),
(5723, 311, 5, 20),
(5724, 311, 5, 15),
(5725, 311, 5, 19),
(5726, 311, 5, 21),
(5727, 311, 6, 23),
(5728, 311, 6, 24),
(5729, 311, 6, 25),
(5730, 311, 6, 6),
(5732, 311, 6, 2),
(5733, 311, 6, 29),
(5734, 311, 6, 30),
(5735, 311, 6, 32),
(5736, 311, 6, 11),
(5737, 311, 6, 3),
(5738, 311, 6, 20),
(5739, 311, 6, 15),
(5740, 311, 6, 19),
(5741, 311, 6, 21),
(5994, 239, 1, 23),
(5995, 239, 1, 24),
(5996, 239, 1, 25),
(5997, 239, 1, 6),
(5999, 239, 1, 2),
(6000, 239, 1, 29),
(6001, 239, 1, 30),
(6002, 239, 1, 32),
(6003, 239, 1, 11),
(6004, 239, 1, 3),
(6005, 239, 1, 20),
(6006, 239, 1, 15),
(6007, 239, 1, 19),
(6008, 239, 1, 21),
(6009, 239, 3, 23),
(6010, 239, 3, 24),
(6011, 239, 3, 25),
(6012, 239, 3, 6),
(6014, 239, 3, 2),
(6015, 239, 3, 29),
(6016, 239, 3, 30),
(6017, 239, 3, 32),
(6018, 239, 3, 11),
(6019, 239, 3, 3),
(6020, 239, 3, 20),
(6021, 239, 3, 15),
(6022, 239, 3, 19),
(6023, 239, 3, 21),
(6024, 239, 5, 23),
(6025, 239, 5, 24),
(6026, 239, 5, 25),
(6027, 239, 5, 30),
(6028, 239, 5, 32),
(6029, 239, 5, 11),
(6030, 239, 5, 3),
(6031, 239, 5, 20),
(6032, 239, 5, 15),
(6033, 239, 5, 19),
(6034, 239, 5, 21),
(6035, 239, 6, 23),
(6036, 239, 6, 24),
(6037, 239, 6, 25),
(6038, 239, 6, 6),
(6040, 239, 6, 2),
(6041, 239, 6, 29),
(6042, 239, 6, 30),
(6043, 239, 6, 32),
(6044, 239, 6, 11),
(6045, 239, 6, 3),
(6046, 239, 6, 20),
(6047, 239, 6, 15),
(6048, 239, 6, 19),
(6049, 239, 6, 21),
(7161, 293, 1, 19),
(7162, 293, 1, 21),
(7163, 293, 3, 23),
(7164, 293, 3, 24),
(7165, 293, 3, 25),
(7166, 293, 3, 6),
(7167, 293, 3, 2),
(7168, 293, 3, 29),
(7169, 293, 3, 30),
(7170, 293, 3, 32),
(7171, 293, 3, 11),
(7172, 293, 3, 3),
(7173, 293, 3, 20),
(7174, 293, 3, 15),
(7175, 293, 3, 19),
(7176, 293, 3, 21),
(7177, 293, 4, 23),
(7178, 293, 4, 24),
(7179, 293, 4, 25),
(7180, 293, 4, 6),
(7181, 293, 4, 2),
(7182, 293, 4, 29),
(7183, 293, 4, 30),
(7184, 293, 4, 32),
(7185, 293, 4, 11),
(7186, 293, 4, 3),
(7187, 293, 4, 20),
(7188, 293, 4, 15),
(7189, 293, 4, 19),
(7190, 293, 4, 21),
(7191, 293, 5, 23),
(7192, 293, 5, 24),
(7193, 293, 5, 25),
(7194, 293, 5, 6),
(7195, 293, 5, 2),
(7196, 293, 5, 29),
(7197, 293, 5, 30),
(7198, 293, 5, 32),
(7199, 293, 5, 11),
(7200, 293, 5, 3),
(7201, 293, 5, 20),
(7202, 293, 5, 15),
(7203, 293, 5, 19),
(7204, 293, 5, 21),
(7205, 293, 6, 23),
(7206, 293, 6, 24),
(7207, 293, 6, 25),
(7208, 293, 6, 6),
(7209, 293, 6, 2),
(7210, 293, 6, 29),
(7211, 293, 6, 30),
(7212, 293, 6, 32),
(7213, 293, 6, 11),
(7214, 293, 6, 3),
(7215, 293, 6, 20),
(7216, 293, 6, 15),
(7217, 293, 6, 19),
(7218, 293, 6, 21),
(7393, 258, 1, 23),
(7394, 258, 1, 24),
(7395, 258, 1, 25),
(7396, 258, 1, 6),
(7397, 258, 1, 2),
(7398, 258, 1, 29),
(7399, 258, 1, 30),
(7400, 258, 1, 32),
(7401, 258, 1, 11),
(7402, 258, 1, 3),
(7403, 258, 1, 20),
(7404, 258, 1, 15),
(7405, 258, 1, 19),
(7406, 258, 1, 21),
(7407, 258, 3, 23),
(7408, 258, 3, 24),
(7409, 258, 3, 25),
(7410, 258, 3, 6),
(7411, 258, 3, 2),
(7412, 258, 3, 29),
(7413, 258, 3, 30),
(7414, 258, 3, 32),
(7415, 258, 3, 11),
(7416, 258, 3, 3),
(7417, 258, 3, 20),
(7418, 258, 3, 15),
(7419, 258, 3, 19),
(7420, 258, 3, 21),
(7421, 258, 5, 2),
(7422, 258, 5, 30),
(7423, 258, 5, 32),
(7424, 258, 5, 11),
(7425, 258, 5, 3),
(7426, 258, 5, 20),
(7427, 258, 5, 15),
(7428, 258, 5, 19),
(7429, 258, 5, 21),
(7430, 258, 6, 23),
(7431, 258, 6, 24),
(7432, 258, 6, 25),
(7433, 258, 6, 6),
(7434, 258, 6, 2),
(7435, 258, 6, 29),
(7436, 258, 6, 30),
(7437, 258, 6, 32),
(7438, 258, 6, 11),
(7439, 258, 6, 3),
(7440, 258, 6, 20),
(7441, 258, 6, 15),
(7442, 258, 6, 19),
(7443, 258, 6, 21),
(7444, 310, 1, 23),
(7445, 310, 1, 24),
(7446, 310, 1, 25),
(7447, 310, 1, 6),
(7448, 310, 1, 2),
(7449, 310, 1, 29),
(7450, 310, 1, 30),
(7451, 310, 1, 32),
(7452, 310, 1, 11),
(7453, 310, 1, 3),
(7454, 310, 1, 20),
(7455, 310, 1, 15),
(7456, 310, 1, 19),
(7457, 310, 1, 21),
(7458, 310, 2, 23),
(7459, 310, 2, 24),
(7460, 310, 2, 25),
(7461, 310, 2, 6),
(7462, 310, 2, 2),
(7463, 310, 2, 29),
(7464, 310, 2, 30),
(7465, 310, 2, 32),
(7466, 310, 2, 11),
(7467, 310, 2, 3),
(7468, 310, 2, 20),
(7469, 310, 2, 15),
(7470, 310, 2, 19),
(7471, 310, 2, 21),
(7472, 310, 3, 23),
(7473, 310, 3, 24),
(7474, 310, 3, 25),
(7475, 310, 3, 6),
(7476, 310, 3, 2),
(7477, 310, 3, 29),
(7478, 310, 3, 30),
(7479, 310, 3, 32),
(7480, 310, 3, 11),
(7481, 310, 3, 3),
(7482, 310, 3, 20),
(7483, 310, 3, 15),
(7484, 310, 3, 19),
(7485, 310, 3, 21),
(7486, 310, 4, 23),
(7487, 310, 4, 24),
(7488, 310, 4, 25),
(7489, 310, 4, 6),
(7490, 310, 4, 2),
(7491, 310, 4, 29),
(7492, 310, 4, 30),
(7493, 310, 4, 32),
(7494, 310, 4, 11),
(7495, 310, 4, 3),
(7496, 310, 4, 20),
(7497, 310, 4, 15),
(7498, 310, 4, 19),
(7499, 310, 4, 21),
(7500, 310, 5, 23),
(7501, 310, 5, 24),
(7502, 310, 5, 25),
(7503, 310, 5, 6),
(7504, 310, 5, 2),
(7505, 310, 5, 29),
(7506, 310, 5, 30),
(7507, 310, 5, 32),
(7508, 310, 5, 11),
(7509, 310, 5, 3),
(7510, 310, 5, 20),
(7511, 310, 5, 15),
(7512, 310, 5, 19),
(7513, 310, 5, 21),
(7587, 289, 2, 19),
(7588, 289, 2, 21),
(7589, 289, 3, 23),
(7590, 289, 3, 24),
(7591, 289, 3, 25),
(7592, 289, 3, 6),
(7593, 289, 3, 2),
(7594, 289, 3, 29),
(7595, 289, 3, 30),
(7596, 289, 3, 32),
(7597, 289, 3, 11),
(7598, 289, 3, 3),
(7599, 289, 3, 20),
(7600, 289, 3, 15),
(7601, 289, 3, 19),
(7602, 289, 3, 21),
(7603, 289, 4, 11),
(7604, 289, 4, 3),
(7605, 289, 4, 20),
(7606, 289, 4, 15),
(7607, 289, 4, 19),
(7608, 289, 4, 21),
(7609, 289, 5, 23),
(7610, 289, 5, 24),
(7611, 289, 5, 25),
(7612, 289, 5, 6),
(7613, 289, 5, 2),
(7614, 289, 5, 29),
(7615, 289, 5, 30),
(7616, 289, 5, 32),
(7617, 289, 5, 11),
(7618, 289, 5, 3),
(7619, 289, 5, 20),
(7620, 289, 5, 15),
(7621, 289, 5, 19),
(7622, 289, 5, 21),
(7623, 289, 6, 23),
(7624, 289, 6, 24),
(7625, 289, 6, 25),
(7626, 289, 6, 6),
(7627, 289, 6, 2),
(7628, 289, 6, 29),
(7629, 289, 6, 30),
(7630, 289, 6, 32),
(7631, 289, 6, 11),
(7632, 289, 6, 3),
(7633, 289, 6, 20),
(7634, 289, 6, 15),
(7635, 289, 6, 19),
(7636, 289, 6, 21),
(7637, 266, 1, 23),
(7638, 266, 1, 24),
(7639, 266, 1, 25),
(7640, 266, 1, 6),
(7641, 266, 1, 2),
(7642, 266, 1, 29),
(7643, 266, 1, 30),
(7644, 266, 1, 32),
(7645, 266, 1, 11),
(7646, 266, 1, 3),
(7647, 266, 1, 20),
(7648, 266, 1, 15),
(7649, 266, 1, 19),
(7650, 266, 1, 21),
(7651, 266, 2, 23),
(7652, 266, 2, 24),
(7653, 266, 2, 25),
(7654, 266, 2, 6),
(7655, 266, 2, 2),
(7656, 266, 2, 29),
(7657, 266, 2, 30),
(7658, 266, 2, 32),
(7659, 266, 2, 11),
(7660, 266, 2, 3),
(7661, 266, 2, 20),
(7662, 266, 2, 15),
(7663, 266, 2, 19),
(7664, 266, 2, 21),
(7665, 266, 3, 23),
(7666, 266, 3, 24),
(7667, 266, 3, 25),
(7668, 266, 3, 6),
(7669, 266, 3, 2),
(7670, 266, 3, 29),
(7671, 266, 3, 30),
(7672, 266, 3, 32),
(7673, 266, 3, 11),
(7674, 266, 3, 3),
(7675, 266, 3, 20),
(7676, 266, 3, 15),
(7677, 266, 3, 19),
(7678, 266, 3, 21),
(7679, 266, 4, 23),
(7680, 266, 4, 24),
(7681, 266, 4, 25),
(7682, 266, 4, 6),
(7683, 266, 4, 2),
(7684, 266, 4, 29),
(7685, 266, 4, 30),
(7686, 266, 4, 32),
(7687, 266, 4, 11),
(7688, 266, 4, 3),
(7689, 266, 4, 20),
(7690, 266, 4, 15),
(7691, 266, 4, 19),
(7692, 266, 4, 21),
(7693, 266, 5, 2),
(7694, 266, 5, 30),
(7695, 266, 5, 32),
(7696, 107, 1, 23),
(7697, 107, 1, 25),
(7698, 107, 1, 11),
(7699, 107, 1, 3),
(7700, 107, 1, 20),
(7701, 107, 1, 15),
(7702, 107, 1, 19),
(7703, 107, 1, 21),
(7704, 107, 2, 23),
(7705, 107, 2, 24),
(7706, 107, 2, 25),
(7707, 107, 2, 6),
(7708, 107, 2, 2),
(7709, 107, 2, 29),
(7710, 107, 2, 30),
(7711, 107, 2, 32),
(7712, 107, 2, 11),
(7713, 107, 2, 3),
(7714, 107, 2, 20),
(7715, 107, 2, 15),
(7716, 107, 2, 19),
(7717, 107, 2, 21),
(7718, 107, 3, 23),
(7719, 107, 3, 24),
(7720, 107, 3, 25),
(7721, 107, 3, 6),
(7722, 107, 3, 2),
(7723, 107, 3, 29),
(7724, 107, 3, 30),
(7725, 107, 3, 32),
(7726, 107, 3, 11),
(7727, 107, 3, 3),
(7728, 107, 3, 20),
(7729, 107, 3, 15),
(7730, 107, 3, 19),
(7731, 107, 3, 21),
(7732, 107, 4, 23),
(7733, 107, 4, 24),
(7734, 107, 4, 25),
(7735, 107, 4, 6),
(7736, 107, 4, 2),
(7737, 107, 4, 29),
(7738, 107, 4, 30),
(7739, 107, 4, 32),
(7740, 107, 4, 11),
(7741, 107, 4, 3),
(7742, 107, 4, 20),
(7743, 107, 4, 15),
(7744, 107, 4, 19),
(7745, 107, 4, 21),
(7746, 107, 5, 23),
(7747, 107, 5, 24),
(7748, 107, 5, 25),
(7749, 107, 5, 6),
(7750, 107, 5, 2),
(7751, 107, 5, 29),
(7752, 107, 5, 30),
(7753, 107, 5, 32),
(7754, 107, 5, 11),
(7755, 107, 5, 3),
(7756, 107, 5, 20),
(7757, 107, 5, 15),
(7758, 107, 5, 19),
(7759, 107, 5, 21),
(7760, 107, 6, 23),
(7761, 107, 6, 24),
(7762, 107, 6, 25),
(7763, 107, 6, 6),
(7764, 107, 6, 2),
(7765, 107, 6, 29),
(7766, 107, 6, 30),
(7767, 107, 6, 32),
(7768, 107, 6, 11),
(7769, 107, 6, 3),
(7770, 107, 6, 20),
(7771, 107, 6, 15),
(7772, 107, 6, 19),
(7773, 107, 6, 21),
(7897, 196, 1, 23),
(7898, 196, 1, 24),
(7899, 196, 1, 25),
(7900, 196, 1, 6),
(7901, 196, 1, 2),
(7902, 196, 1, 29),
(7903, 196, 1, 30),
(7904, 196, 1, 32),
(7905, 196, 1, 11),
(7906, 196, 1, 3),
(7907, 196, 1, 20),
(7908, 196, 1, 15),
(7909, 196, 1, 19),
(7910, 196, 1, 21),
(7911, 196, 2, 2),
(7912, 196, 2, 29),
(7913, 196, 2, 30),
(7914, 196, 2, 32),
(7915, 196, 2, 11),
(7916, 196, 2, 3),
(7917, 196, 2, 20),
(7918, 196, 2, 15),
(7919, 196, 2, 19),
(7920, 196, 2, 21),
(7921, 196, 3, 30),
(7922, 196, 3, 32),
(7923, 196, 3, 11),
(7924, 196, 3, 3),
(7925, 196, 3, 20),
(7926, 196, 3, 15),
(7927, 196, 3, 19),
(7928, 196, 3, 21),
(7929, 196, 4, 23),
(7930, 196, 4, 24),
(7931, 196, 4, 25),
(7932, 196, 4, 6),
(7933, 196, 4, 2),
(7934, 196, 4, 29),
(7935, 196, 4, 30),
(7936, 196, 4, 32),
(7937, 196, 4, 11),
(7938, 196, 4, 3),
(7939, 196, 4, 20),
(7940, 196, 4, 15),
(7941, 196, 4, 19),
(7942, 196, 4, 21),
(7943, 196, 5, 23),
(7944, 196, 5, 24),
(7945, 196, 5, 25),
(7946, 196, 5, 6),
(7947, 196, 5, 2),
(7948, 196, 5, 29),
(7949, 196, 5, 30),
(7950, 196, 5, 32),
(7951, 196, 5, 11),
(7952, 196, 5, 3),
(7953, 196, 5, 20),
(7954, 196, 5, 15),
(7955, 196, 5, 19),
(7956, 196, 5, 21),
(7957, 196, 6, 23),
(7958, 196, 6, 24),
(7959, 196, 6, 25),
(7960, 196, 6, 6),
(7961, 196, 6, 2),
(7962, 196, 6, 29),
(7963, 196, 6, 30),
(7964, 196, 6, 32),
(7965, 196, 6, 11),
(7966, 196, 6, 3),
(7967, 196, 6, 20),
(7968, 196, 6, 15),
(7969, 196, 6, 19),
(7970, 196, 6, 21),
(7971, 308, 1, 11),
(7972, 308, 1, 3),
(7973, 308, 1, 20),
(7974, 308, 1, 15),
(7975, 308, 1, 19),
(7976, 308, 1, 21),
(7977, 308, 2, 11),
(7978, 308, 2, 3),
(7979, 308, 2, 20),
(7980, 308, 2, 15),
(7981, 308, 2, 19),
(7982, 308, 2, 21),
(7983, 308, 3, 2),
(7984, 308, 3, 29),
(7985, 308, 3, 30),
(7986, 308, 3, 32),
(7987, 308, 3, 11),
(7988, 308, 3, 3),
(7989, 308, 3, 20),
(7990, 308, 3, 15),
(7991, 308, 3, 19),
(7992, 308, 3, 21),
(7993, 308, 4, 11),
(7994, 308, 4, 3),
(7995, 308, 4, 20),
(7996, 308, 4, 15),
(7997, 308, 4, 19),
(7998, 308, 4, 21),
(7999, 308, 5, 23),
(8000, 308, 5, 24),
(8001, 308, 5, 25),
(8002, 308, 5, 6),
(8003, 308, 5, 2),
(8004, 308, 5, 29),
(8005, 308, 5, 30),
(8006, 308, 5, 32),
(8007, 308, 5, 11),
(8008, 308, 5, 3),
(8009, 308, 5, 20),
(8010, 308, 5, 15),
(8011, 308, 5, 19),
(8012, 308, 5, 21),
(8013, 308, 6, 23),
(8014, 308, 6, 24),
(8015, 308, 6, 25),
(8016, 308, 6, 6),
(8017, 308, 6, 2),
(8018, 308, 6, 29),
(8019, 308, 6, 30),
(8020, 308, 6, 32),
(8021, 308, 6, 11),
(8022, 308, 6, 3),
(8023, 308, 6, 20),
(8024, 308, 6, 15),
(8025, 308, 6, 19),
(8026, 308, 6, 21),
(8564, 203, 1, 23),
(8565, 203, 1, 24),
(8566, 203, 1, 25),
(8567, 203, 1, 6),
(8568, 203, 1, 2),
(8569, 203, 1, 29),
(8570, 203, 1, 30),
(8571, 203, 1, 32),
(8572, 203, 1, 11),
(8573, 203, 1, 3),
(8574, 203, 1, 20),
(8575, 203, 1, 15),
(8576, 203, 1, 19),
(8577, 203, 1, 21),
(8578, 203, 2, 23),
(8579, 203, 2, 24),
(8580, 203, 2, 25),
(8581, 203, 2, 6),
(8582, 203, 2, 2),
(8583, 203, 2, 29),
(8584, 203, 2, 30),
(8585, 203, 2, 32),
(8586, 203, 2, 11),
(8587, 203, 2, 3),
(8588, 203, 2, 20),
(8589, 203, 2, 15),
(8590, 203, 2, 19),
(8591, 203, 2, 21),
(8592, 203, 3, 24),
(8593, 203, 3, 25),
(8594, 203, 3, 2),
(8595, 203, 3, 30),
(8596, 203, 3, 11),
(8597, 203, 3, 3),
(8598, 203, 3, 20),
(8599, 203, 3, 19),
(8600, 203, 4, 23),
(8601, 203, 4, 24),
(8602, 203, 4, 25),
(8603, 203, 4, 2),
(8604, 203, 4, 30),
(8605, 203, 4, 11),
(8606, 203, 4, 3),
(8607, 203, 4, 20),
(8608, 203, 4, 15),
(8609, 203, 4, 19),
(8610, 203, 4, 21),
(8611, 203, 5, 2),
(8612, 203, 5, 30),
(8613, 203, 5, 32),
(8614, 203, 6, 25),
(8615, 203, 6, 2),
(8616, 203, 6, 29),
(8617, 203, 6, 30),
(8618, 203, 6, 32),
(8619, 203, 6, 11),
(8620, 203, 6, 3),
(8621, 203, 6, 20),
(8622, 203, 6, 15),
(8623, 203, 6, 19),
(8624, 203, 6, 21),
(9006, 250, 1, 11),
(9007, 250, 1, 3),
(9008, 250, 1, 20),
(9009, 250, 1, 15),
(9010, 250, 1, 19),
(9011, 250, 1, 21),
(9012, 250, 3, 23),
(9013, 250, 3, 24),
(9014, 250, 3, 25),
(9015, 250, 3, 6),
(9016, 250, 3, 2),
(9017, 250, 3, 29),
(9018, 250, 3, 30),
(9019, 250, 3, 32),
(9020, 250, 3, 11),
(9021, 250, 3, 3),
(9022, 250, 3, 20),
(9023, 250, 3, 15),
(9024, 250, 3, 19),
(9025, 250, 3, 21),
(9026, 250, 5, 2),
(9027, 250, 5, 30),
(9028, 250, 5, 32),
(9029, 250, 5, 11),
(9030, 250, 5, 3),
(9031, 250, 5, 20),
(9032, 250, 5, 15),
(9033, 250, 5, 19),
(9034, 250, 5, 21),
(9035, 250, 6, 2),
(9036, 250, 6, 29),
(9037, 250, 6, 30),
(9038, 250, 6, 32),
(9039, 250, 6, 11),
(9040, 250, 6, 3),
(9041, 250, 6, 20),
(9042, 250, 6, 15),
(9043, 250, 6, 19),
(9044, 250, 6, 21),
(9099, 97, 1, 11),
(9100, 97, 1, 3),
(9101, 97, 1, 20),
(9102, 97, 1, 15),
(9103, 97, 1, 19),
(9104, 97, 1, 21),
(9105, 97, 2, 11),
(9106, 97, 2, 3),
(9107, 97, 2, 20),
(9108, 97, 2, 15),
(9109, 97, 2, 19),
(9110, 97, 2, 21),
(9111, 97, 3, 11),
(9112, 97, 3, 3),
(9113, 97, 3, 20),
(9114, 97, 3, 15),
(9115, 97, 3, 19),
(9116, 97, 3, 21),
(9117, 97, 4, 30),
(9118, 97, 4, 32),
(9119, 97, 4, 11),
(9120, 97, 4, 3),
(9121, 97, 4, 20),
(9122, 97, 4, 15),
(9123, 97, 4, 19),
(9124, 97, 4, 21),
(9125, 97, 5, 23),
(9126, 97, 5, 24),
(9127, 97, 5, 25),
(9128, 97, 5, 6),
(9129, 97, 5, 2),
(9130, 97, 5, 29),
(9131, 97, 5, 30),
(9132, 97, 5, 32),
(9133, 97, 5, 11),
(9134, 97, 5, 3),
(9135, 97, 5, 20),
(9136, 97, 5, 15),
(9137, 97, 5, 19),
(9138, 97, 5, 21),
(9139, 97, 6, 23),
(9140, 97, 6, 24),
(9141, 97, 6, 25),
(9142, 97, 6, 6),
(9143, 97, 6, 2),
(9144, 97, 6, 29),
(9145, 97, 6, 30),
(9146, 97, 6, 32),
(9147, 97, 6, 11),
(9148, 97, 6, 3),
(9149, 97, 6, 20),
(9150, 97, 6, 15),
(9151, 97, 6, 19),
(9152, 97, 6, 21),
(9264, 95, 1, 23),
(9265, 95, 1, 24),
(9266, 95, 1, 25),
(9267, 95, 1, 6),
(9268, 95, 1, 2),
(9269, 95, 1, 29),
(9270, 95, 1, 30),
(9271, 95, 1, 32),
(9272, 95, 1, 11),
(9273, 95, 1, 3),
(9274, 95, 1, 20),
(9275, 95, 1, 15),
(9276, 95, 1, 19),
(9277, 95, 1, 21),
(9278, 95, 2, 2),
(9279, 95, 2, 29),
(9280, 95, 2, 30),
(9281, 95, 2, 32),
(9282, 95, 2, 11),
(9283, 95, 2, 3),
(9284, 95, 2, 20),
(9285, 95, 2, 15),
(9286, 95, 2, 19),
(9287, 95, 2, 21),
(9288, 95, 3, 23),
(9289, 95, 3, 24),
(9290, 95, 3, 25),
(9291, 95, 3, 6),
(9292, 95, 3, 2),
(9293, 95, 3, 29),
(9294, 95, 3, 30),
(9295, 95, 3, 32),
(9296, 95, 3, 11),
(9297, 95, 3, 3),
(9298, 95, 3, 20),
(9299, 95, 3, 15),
(9300, 95, 3, 19),
(9301, 95, 3, 21),
(9302, 95, 5, 2),
(9303, 95, 5, 30),
(9304, 95, 5, 32),
(9305, 95, 6, 23),
(9306, 95, 6, 24),
(9307, 95, 6, 25),
(9308, 95, 6, 6),
(9309, 95, 6, 2),
(9310, 95, 6, 29),
(9311, 95, 6, 30),
(9312, 95, 6, 32),
(9313, 95, 6, 11),
(9314, 95, 6, 3),
(9315, 95, 6, 20),
(9316, 95, 6, 15),
(9317, 95, 6, 19),
(9318, 95, 6, 21),
(9382, 201, 1, 29),
(9383, 201, 1, 30),
(9384, 201, 1, 32),
(9385, 201, 1, 11),
(9386, 201, 1, 3),
(9387, 201, 1, 20),
(9388, 201, 1, 15),
(9389, 201, 1, 19),
(9390, 201, 1, 21),
(9391, 201, 3, 23),
(9392, 201, 3, 24),
(9393, 201, 3, 25),
(9394, 201, 3, 6),
(9395, 201, 3, 2),
(9396, 201, 3, 29),
(9397, 201, 3, 30),
(9398, 201, 3, 32),
(9399, 201, 3, 11),
(9400, 201, 3, 3),
(9401, 201, 3, 20),
(9402, 201, 3, 15),
(9403, 201, 3, 19),
(9404, 201, 3, 21),
(9405, 201, 5, 23),
(9406, 201, 5, 24),
(9407, 201, 5, 25),
(9408, 201, 5, 6),
(9409, 201, 5, 2),
(9410, 201, 5, 29),
(9411, 201, 5, 30),
(9412, 201, 5, 32),
(9413, 201, 6, 23),
(9414, 201, 6, 24),
(9415, 201, 6, 25),
(9416, 201, 6, 6),
(9417, 201, 6, 2),
(9418, 201, 6, 29),
(9419, 201, 6, 30),
(9420, 201, 6, 32),
(9421, 201, 6, 11),
(9422, 201, 6, 3),
(9423, 201, 6, 20),
(9424, 201, 6, 15),
(9425, 201, 6, 19),
(9426, 201, 6, 21),
(9427, 103, 1, 23),
(9428, 103, 1, 24),
(9429, 103, 1, 25),
(9430, 103, 1, 6),
(9431, 103, 1, 33),
(9432, 103, 1, 2),
(9433, 103, 1, 29),
(9434, 103, 1, 30),
(9435, 103, 1, 32),
(9436, 103, 1, 11),
(9437, 103, 1, 3),
(9438, 103, 1, 20),
(9439, 103, 1, 15),
(9440, 103, 1, 19),
(9441, 103, 1, 21),
(9442, 103, 2, 15),
(9443, 103, 2, 19),
(9444, 103, 2, 21),
(9445, 103, 3, 23),
(9446, 103, 3, 24),
(9447, 103, 3, 25),
(9448, 103, 3, 6),
(9449, 103, 3, 33),
(9450, 103, 3, 2),
(9451, 103, 3, 29),
(9452, 103, 3, 30),
(9453, 103, 3, 32),
(9454, 103, 3, 11),
(9455, 103, 3, 3),
(9456, 103, 3, 20),
(9457, 103, 3, 15),
(9458, 103, 3, 19),
(9459, 103, 3, 21),
(9460, 103, 5, 6),
(9461, 103, 5, 33),
(9462, 103, 5, 2),
(9463, 103, 5, 29),
(9464, 103, 5, 30),
(9465, 103, 5, 32),
(9466, 103, 5, 11),
(9467, 103, 5, 3),
(9468, 103, 5, 20),
(9469, 103, 5, 15),
(9470, 103, 5, 19),
(9471, 103, 5, 21),
(9472, 103, 6, 23),
(9473, 103, 6, 24),
(9474, 103, 6, 25),
(9475, 103, 6, 6),
(9476, 103, 6, 33),
(9477, 103, 6, 2),
(9478, 103, 6, 29),
(9479, 103, 6, 30),
(9480, 103, 6, 32),
(9481, 103, 6, 11),
(9482, 103, 6, 3),
(9483, 103, 6, 20),
(9484, 103, 6, 15),
(9485, 103, 6, 19),
(9486, 103, 6, 21);

--
-- Indexes for dumped tables
--

--
-- Indeks untuk tabel `guru`
--
ALTER TABLE `guru`
  ADD PRIMARY KEY (`kode`),
  ADD KEY `guru_ibfk_1` (`status_dosen`);

--
-- Indeks untuk tabel `hari`
--
ALTER TABLE `hari`
  ADD PRIMARY KEY (`kode`);

--
-- Indeks untuk tabel `jadwalpelajaran`
--
ALTER TABLE `jadwalpelajaran`
  ADD PRIMARY KEY (`kode`),
  ADD KEY `jadwalpelajaran_ibfk_1` (`kode_pengampu`),
  ADD KEY `kode_jam` (`kode_jam`),
  ADD KEY `kode_hari` (`kode_hari`),
  ADD KEY `kode_ruang` (`kode_ruang`);

--
-- Indeks untuk tabel `jam`
--
ALTER TABLE `jam`
  ADD PRIMARY KEY (`kode`);

--
-- Indeks untuk tabel `jam2`
--
ALTER TABLE `jam2`
  ADD PRIMARY KEY (`kode`);

--
-- Indeks untuk tabel `jurusan`
--
ALTER TABLE `jurusan`
  ADD PRIMARY KEY (`kode`);

--
-- Indeks untuk tabel `kelas`
--
ALTER TABLE `kelas`
  ADD PRIMARY KEY (`kode`);

--
-- Indeks untuk tabel `matapelajaran`
--
ALTER TABLE `matapelajaran`
  ADD PRIMARY KEY (`kode`),
  ADD KEY `matapelajaran_ibfk_1` (`semester`),
  ADD KEY `matapelajaran_ibfk_2` (`kode_prodi`);

--
-- Indeks untuk tabel `pengampu`
--
ALTER TABLE `pengampu`
  ADD PRIMARY KEY (`kode`),
  ADD KEY `kode_mk` (`kode_mk`),
  ADD KEY `kode_guru` (`kode_guru`),
  ADD KEY `kelas` (`kelas`),
  ADD KEY `tahun_akademik` (`tahun_akademik`),
  ADD KEY `kode_prodi` (`kode_prodi`),
  ADD KEY `semester` (`semester`),
  ADD KEY `kode_ruang` (`kode_ruang`);

--
-- Indeks untuk tabel `prodi`
--
ALTER TABLE `prodi`
  ADD PRIMARY KEY (`kode`),
  ADD KEY `prodi_ibfk_1` (`kode_jurusan`);

--
-- Indeks untuk tabel `riwayat_penjadwalan`
--
ALTER TABLE `riwayat_penjadwalan`
  ADD PRIMARY KEY (`kode`),
  ADD KEY `riwayat_penjadwalan_ibfk_4` (`kode_pengampu`),
  ADD KEY `riwayat_penjadwalan_ibfk_3` (`kode_hari`),
  ADD KEY `riwayat_penjadwalan_ibfk_2` (`kode_jam`),
  ADD KEY `riwayat_penjadwalan_ibfk_1` (`kode_ruang`);

--
-- Indeks untuk tabel `ruang`
--
ALTER TABLE `ruang`
  ADD PRIMARY KEY (`kode`),
  ADD KEY `ruang_ibfk_1` (`kode_jurusan`);

--
-- Indeks untuk tabel `semester`
--
ALTER TABLE `semester`
  ADD PRIMARY KEY (`kode`),
  ADD KEY `semester_ibfk_1` (`semester_tipe`);

--
-- Indeks untuk tabel `semester_tipe`
--
ALTER TABLE `semester_tipe`
  ADD PRIMARY KEY (`kode`);

--
-- Indeks untuk tabel `status_dosen`
--
ALTER TABLE `status_dosen`
  ADD PRIMARY KEY (`kode`);

--
-- Indeks untuk tabel `tahun_akademik`
--
ALTER TABLE `tahun_akademik`
  ADD PRIMARY KEY (`kode`);

--
-- Indeks untuk tabel `user`
--
ALTER TABLE `user`
  ADD PRIMARY KEY (`kode`);

--
-- Indeks untuk tabel `waktu_tidak_bersedia`
--
ALTER TABLE `waktu_tidak_bersedia`
  ADD PRIMARY KEY (`kode`),
  ADD KEY `waktu_tidak_bersedia_ibfk_2` (`kode_guru`),
  ADD KEY `waktu_tidak_bersedia_ibfk_1` (`kode_hari`),
  ADD KEY `waktu_tidak_bersedia_ibfk_3` (`kode_jam`);

--
-- AUTO_INCREMENT untuk tabel yang dibuang
--

--
-- AUTO_INCREMENT untuk tabel `guru`
--
ALTER TABLE `guru`
  MODIFY `kode` int(2) NOT NULL AUTO_INCREMENT, AUTO_INCREMENT=322;

--
-- AUTO_INCREMENT untuk tabel `hari`
--
ALTER TABLE `hari`
  MODIFY `kode` int(10) NOT NULL AUTO_INCREMENT, AUTO_INCREMENT=7;

--
-- AUTO_INCREMENT untuk tabel `jadwalpelajaran`
--
ALTER TABLE `jadwalpelajaran`
  MODIFY `kode` int(10) NOT NULL AUTO_INCREMENT, AUTO_INCREMENT=115;

--
-- AUTO_INCREMENT untuk tabel `jam`
--
ALTER TABLE `jam`
  MODIFY `kode` int(10) NOT NULL AUTO_INCREMENT, AUTO_INCREMENT=13;

--
-- AUTO_INCREMENT untuk tabel `jam2`
--
ALTER TABLE `jam2`
  MODIFY `kode` int(10) NOT NULL AUTO_INCREMENT, AUTO_INCREMENT=34;

--
-- AUTO_INCREMENT untuk tabel `jurusan`
--
ALTER TABLE `jurusan`
  MODIFY `kode` int(11) NOT NULL AUTO_INCREMENT, AUTO_INCREMENT=9;

--
-- AUTO_INCREMENT untuk tabel `kelas`
--
ALTER TABLE `kelas`
  MODIFY `kode` int(11) NOT NULL AUTO_INCREMENT, AUTO_INCREMENT=6;

--
-- AUTO_INCREMENT untuk tabel `matapelajaran`
--
ALTER TABLE `matapelajaran`
  MODIFY `kode` int(10) NOT NULL AUTO_INCREMENT, AUTO_INCREMENT=451;

--
-- AUTO_INCREMENT untuk tabel `pengampu`
--
ALTER TABLE `pengampu`
  MODIFY `kode` int(10) NOT NULL AUTO_INCREMENT, AUTO_INCREMENT=1473;

--
-- AUTO_INCREMENT untuk tabel `prodi`
--
ALTER TABLE `prodi`
  MODIFY `kode` int(11) NOT NULL AUTO_INCREMENT, AUTO_INCREMENT=9;

--
-- AUTO_INCREMENT untuk tabel `riwayat_penjadwalan`
--
ALTER TABLE `riwayat_penjadwalan`
  MODIFY `kode` int(11) NOT NULL AUTO_INCREMENT, AUTO_INCREMENT=1349;

--
-- AUTO_INCREMENT untuk tabel `ruang`
--
ALTER TABLE `ruang`
  MODIFY `kode` int(10) NOT NULL AUTO_INCREMENT, AUTO_INCREMENT=53;

--
-- AUTO_INCREMENT untuk tabel `semester`
--
ALTER TABLE `semester`
  MODIFY `kode` int(2) NOT NULL AUTO_INCREMENT, AUTO_INCREMENT=12;

--
-- AUTO_INCREMENT untuk tabel `semester_tipe`
--
ALTER TABLE `semester_tipe`
  MODIFY `kode` int(2) NOT NULL AUTO_INCREMENT, AUTO_INCREMENT=3;

--
-- AUTO_INCREMENT untuk tabel `status_dosen`
--
ALTER TABLE `status_dosen`
  MODIFY `kode` int(5) NOT NULL AUTO_INCREMENT, AUTO_INCREMENT=5;

--
-- AUTO_INCREMENT untuk tabel `tahun_akademik`
--
ALTER TABLE `tahun_akademik`
  MODIFY `kode` int(10) NOT NULL AUTO_INCREMENT, AUTO_INCREMENT=11;

--
-- AUTO_INCREMENT untuk tabel `user`
--
ALTER TABLE `user`
  MODIFY `kode` int(2) NOT NULL AUTO_INCREMENT, AUTO_INCREMENT=6;

--
-- AUTO_INCREMENT untuk tabel `waktu_tidak_bersedia`
--
ALTER TABLE `waktu_tidak_bersedia`
  MODIFY `kode` int(10) NOT NULL AUTO_INCREMENT, AUTO_INCREMENT=9487;

--
-- Ketidakleluasaan untuk tabel pelimpahan (Dumped Tables)
--

--
-- Ketidakleluasaan untuk tabel `guru`
--
ALTER TABLE `guru`
  ADD CONSTRAINT `guru_ibfk_1` FOREIGN KEY (`status_dosen`) REFERENCES `status_dosen` (`kode`) ON DELETE CASCADE ON UPDATE CASCADE;

--
-- Ketidakleluasaan untuk tabel `jadwalpelajaran`
--
ALTER TABLE `jadwalpelajaran`
  ADD CONSTRAINT `jadwalpelajaran_ibfk_1` FOREIGN KEY (`kode_pengampu`) REFERENCES `pengampu` (`kode`) ON DELETE CASCADE ON UPDATE CASCADE,
  ADD CONSTRAINT `jadwalpelajaran_ibfk_2` FOREIGN KEY (`kode_jam`) REFERENCES `jam2` (`kode`) ON DELETE CASCADE ON UPDATE CASCADE,
  ADD CONSTRAINT `jadwalpelajaran_ibfk_3` FOREIGN KEY (`kode_hari`) REFERENCES `hari` (`kode`) ON DELETE CASCADE ON UPDATE CASCADE,
  ADD CONSTRAINT `jadwalpelajaran_ibfk_4` FOREIGN KEY (`kode_ruang`) REFERENCES `ruang` (`kode`) ON DELETE CASCADE ON UPDATE CASCADE;

--
-- Ketidakleluasaan untuk tabel `matapelajaran`
--
ALTER TABLE `matapelajaran`
  ADD CONSTRAINT `matapelajaran_ibfk_1` FOREIGN KEY (`semester`) REFERENCES `semester_tipe` (`kode`) ON DELETE CASCADE ON UPDATE CASCADE,
  ADD CONSTRAINT `matapelajaran_ibfk_2` FOREIGN KEY (`kode_prodi`) REFERENCES `prodi` (`kode`) ON DELETE CASCADE ON UPDATE CASCADE;

--
-- Ketidakleluasaan untuk tabel `pengampu`
--
ALTER TABLE `pengampu`
  ADD CONSTRAINT `pengampu_ibfk_1` FOREIGN KEY (`kode_mk`) REFERENCES `matapelajaran` (`kode`) ON DELETE CASCADE ON UPDATE CASCADE,
  ADD CONSTRAINT `pengampu_ibfk_2` FOREIGN KEY (`kode_guru`) REFERENCES `guru` (`kode`) ON DELETE CASCADE ON UPDATE CASCADE,
  ADD CONSTRAINT `pengampu_ibfk_3` FOREIGN KEY (`kelas`) REFERENCES `kelas` (`kode`) ON DELETE CASCADE ON UPDATE CASCADE,
  ADD CONSTRAINT `pengampu_ibfk_4` FOREIGN KEY (`tahun_akademik`) REFERENCES `tahun_akademik` (`kode`) ON DELETE CASCADE ON UPDATE CASCADE,
  ADD CONSTRAINT `pengampu_ibfk_5` FOREIGN KEY (`kode_prodi`) REFERENCES `prodi` (`kode`) ON DELETE CASCADE ON UPDATE CASCADE,
  ADD CONSTRAINT `pengampu_ibfk_6` FOREIGN KEY (`semester`) REFERENCES `semester` (`kode`) ON DELETE CASCADE ON UPDATE CASCADE,
  ADD CONSTRAINT `pengampu_ibfk_7` FOREIGN KEY (`kode_ruang`) REFERENCES `ruang` (`kode`) ON DELETE CASCADE ON UPDATE CASCADE;

--
-- Ketidakleluasaan untuk tabel `prodi`
--
ALTER TABLE `prodi`
  ADD CONSTRAINT `prodi_ibfk_1` FOREIGN KEY (`kode_jurusan`) REFERENCES `jurusan` (`kode`) ON DELETE CASCADE ON UPDATE CASCADE;

--
-- Ketidakleluasaan untuk tabel `riwayat_penjadwalan`
--
ALTER TABLE `riwayat_penjadwalan`
  ADD CONSTRAINT `riwayat_penjadwalan_ibfk_1` FOREIGN KEY (`kode_ruang`) REFERENCES `ruang` (`kode`) ON DELETE CASCADE ON UPDATE CASCADE,
  ADD CONSTRAINT `riwayat_penjadwalan_ibfk_2` FOREIGN KEY (`kode_jam`) REFERENCES `jam2` (`kode`) ON DELETE CASCADE ON UPDATE CASCADE,
  ADD CONSTRAINT `riwayat_penjadwalan_ibfk_3` FOREIGN KEY (`kode_hari`) REFERENCES `hari` (`kode`) ON DELETE CASCADE ON UPDATE CASCADE,
  ADD CONSTRAINT `riwayat_penjadwalan_ibfk_4` FOREIGN KEY (`kode_pengampu`) REFERENCES `pengampu` (`kode`) ON DELETE CASCADE ON UPDATE CASCADE;

--
-- Ketidakleluasaan untuk tabel `ruang`
--
ALTER TABLE `ruang`
  ADD CONSTRAINT `ruang_ibfk_1` FOREIGN KEY (`kode_jurusan`) REFERENCES `jurusan` (`kode`) ON DELETE CASCADE ON UPDATE CASCADE;

--
-- Ketidakleluasaan untuk tabel `semester`
--
ALTER TABLE `semester`
  ADD CONSTRAINT `semester_ibfk_1` FOREIGN KEY (`semester_tipe`) REFERENCES `semester_tipe` (`kode`) ON DELETE CASCADE ON UPDATE CASCADE;

--
-- Ketidakleluasaan untuk tabel `waktu_tidak_bersedia`
--
ALTER TABLE `waktu_tidak_bersedia`
  ADD CONSTRAINT `waktu_tidak_bersedia_ibfk_1` FOREIGN KEY (`kode_hari`) REFERENCES `hari` (`kode`) ON DELETE CASCADE ON UPDATE CASCADE,
  ADD CONSTRAINT `waktu_tidak_bersedia_ibfk_2` FOREIGN KEY (`kode_guru`) REFERENCES `guru` (`kode`) ON DELETE CASCADE ON UPDATE CASCADE,
  ADD CONSTRAINT `waktu_tidak_bersedia_ibfk_3` FOREIGN KEY (`kode_jam`) REFERENCES `jam2` (`kode`) ON DELETE CASCADE ON UPDATE CASCADE;
COMMIT;

/*!40101 SET CHARACTER_SET_CLIENT=@OLD_CHARACTER_SET_CLIENT */;
/*!40101 SET CHARACTER_SET_RESULTS=@OLD_CHARACTER_SET_RESULTS */;
/*!40101 SET COLLATION_CONNECTION=@OLD_COLLATION_CONNECTION */;
